--table estados

INSERT INTO estado (uf, nome, ddd) VALUES ('DF', 'Distrito Federal', 61);
INSERT INTO estado (uf, nome, ddd) VALUES ('GO', 'Goiás', 62);
INSERT INTO estado (uf, nome, ddd) VALUES ('MT', 'Mato Grosso', 65);
INSERT INTO estado (uf, nome, ddd) VALUES ('MS', 'Mato Grosso do Sul', 67);
INSERT INTO estado (uf, nome, ddd) VALUES ('AL', 'Alagoas', 82);
INSERT INTO estado (uf, nome, ddd) VALUES ('BA', 'Bahia', 71);
INSERT INTO estado (uf, nome, ddd) VALUES ('CE', 'Ceará', 85);
INSERT INTO estado (uf, nome, ddd) VALUES ('MA', 'Maranhão', 98);
INSERT INTO estado (uf, nome, ddd) VALUES ('PB', 'Paraíba', 83);
INSERT INTO estado (uf, nome, ddd) VALUES ('PE', 'Pernambuco', 81);
INSERT INTO estado (uf, nome, ddd) VALUES ('PI', 'Piauí', 86);
INSERT INTO estado (uf, nome, ddd) VALUES ('RN', 'Rio Grande do Norte', 84);
INSERT INTO estado (uf, nome, ddd) VALUES ('SE', 'Sergipe', 79);
INSERT INTO estado (uf, nome, ddd) VALUES ('AC', 'Acre', 68);
INSERT INTO estado (uf, nome, ddd) VALUES ('AP', 'Amapá', 96);
INSERT INTO estado (uf, nome, ddd) VALUES ('AM', 'Amazonas', 92);
INSERT INTO estado (uf, nome, ddd) VALUES ('PA', 'Pará', 91);
INSERT INTO estado (uf, nome, ddd) VALUES ('RO', 'Rondônia', 69);
INSERT INTO estado (uf, nome, ddd) VALUES ('RR', 'Roraima', 95);
INSERT INTO estado (uf, nome, ddd) VALUES ('TO', 'Tocantins', 63);
INSERT INTO estado (uf, nome, ddd) VALUES ('ES', 'Espírito Santo', 27);
INSERT INTO estado (uf, nome, ddd) VALUES ('MG', 'Minas Gerais', 31);
INSERT INTO estado (uf, nome, ddd) VALUES ('RJ', 'Rio de Janeiro', 21);
INSERT INTO estado (uf, nome, ddd) VALUES ('SP', 'São Paulo', 11);
INSERT INTO estado (uf, nome, ddd) VALUES ('PR', 'Paraná', 41);
INSERT INTO estado (uf, nome, ddd) VALUES ('RS', 'Rio Grande do Sul', 51);
INSERT INTO estado (uf, nome, ddd) VALUES ('SC', 'Santa Catarina', 47);

--table cobertura

INSERT INTO cobertura (uf, ddd) VALUES ('DF', 61);
INSERT INTO cobertura (uf, ddd) VALUES ('GO', 62);
INSERT INTO cobertura (uf, ddd) VALUES ('MT', 65);
INSERT INTO cobertura (uf, ddd) VALUES ('MS', 67);
INSERT INTO cobertura (uf, ddd) VALUES ('AL', 82);
INSERT INTO cobertura (uf, ddd) VALUES ('BA', 71);
INSERT INTO cobertura (uf, ddd) VALUES ('CE', 85);
INSERT INTO cobertura (uf, ddd) VALUES ('MA', 98);
INSERT INTO cobertura (uf, ddd) VALUES ('PB', 83);
INSERT INTO cobertura (uf, ddd) VALUES ('PE', 81);
INSERT INTO cobertura (uf, ddd) VALUES ('PI', 86);
INSERT INTO cobertura (uf, ddd) VALUES ('RN', 84);
INSERT INTO cobertura (uf, ddd) VALUES ('SE', 79);
INSERT INTO cobertura (uf, ddd) VALUES ('AC', 68);
INSERT INTO cobertura (uf, ddd) VALUES ('AP', 96);
INSERT INTO cobertura (uf, ddd) VALUES ('AM', 92);
INSERT INTO cobertura (uf, ddd) VALUES ('PA', 91);
INSERT INTO cobertura (uf, ddd) VALUES ('RO', 69);
INSERT INTO cobertura (uf, ddd) VALUES ('RR', 95);
INSERT INTO cobertura (uf, ddd) VALUES ('TO', 63);
INSERT INTO cobertura (uf, ddd) VALUES ('ES', 27);
INSERT INTO cobertura (uf, ddd) VALUES ('MG', 31);
INSERT INTO cobertura (uf, ddd) VALUES ('RJ', 21);
INSERT INTO cobertura (uf, ddd) VALUES ('SP', 11);
INSERT INTO cobertura (uf, ddd) VALUES ('PR', 41);
INSERT INTO cobertura (uf, ddd) VALUES ('RS', 51);
INSERT INTO cobertura (uf, ddd) VALUES ('SC', 47);

--table cidade

INSERT INTO cidade (nome, uf) VALUES ('João Pessoa', 'PB');
INSERT INTO cidade (nome, uf) VALUES ('Juarez Távora', 'PB');
INSERT INTO cidade (nome, uf) VALUES ('Juazeirinho', 'PB');
INSERT INTO cidade (nome, uf) VALUES ('Junco do Seridó', 'PB');
INSERT INTO cidade (nome, uf) VALUES ('Juripiranga', 'PB');
INSERT INTO cidade (nome, uf) VALUES ('Juru', 'PB');
INSERT INTO cidade (nome, uf) VALUES ('Lagoa', 'PB');
INSERT INTO cidade (nome, uf) VALUES ('Lagoa de Dentro', 'PB');
INSERT INTO cidade (nome, uf) VALUES ('Lagoa Seca', 'PB');
INSERT INTO cidade (nome, uf) VALUES ('Lastro', 'PB');
INSERT INTO cidade (nome, uf) VALUES ('Livramento', 'PB');
INSERT INTO cidade (nome, uf) VALUES ('Logradouro', 'PB');
INSERT INTO cidade (nome, uf) VALUES ('Lucena', 'PB');
INSERT INTO cidade (nome, uf) VALUES ('Malta', 'PB');
INSERT INTO cidade (nome, uf) VALUES ('Mamanguape', 'PB');
INSERT INTO cidade (nome, uf) VALUES ('Manaíra', 'PB');
INSERT INTO cidade (nome, uf) VALUES ('Marcação', 'PB');
INSERT INTO cidade (nome, uf) VALUES ('Mari', 'PB');
INSERT INTO cidade (nome, uf) VALUES ('Marizópolis', 'PB');
INSERT INTO cidade (nome, uf) VALUES ('Massaranduba', 'PB');
INSERT INTO cidade (nome, uf) VALUES ('Mataraca', 'PB');
INSERT INTO cidade (nome, uf) VALUES ('Matinhas', 'PB');
INSERT INTO cidade (nome, uf) VALUES ('Mato Grosso', 'PB');
INSERT INTO cidade (nome, uf) VALUES ('Maturéia', 'PB');
INSERT INTO cidade (nome, uf) VALUES ('Mogeiro', 'PB');
INSERT INTO cidade (nome, uf) VALUES ('Montadas', 'PB');
INSERT INTO cidade (nome, uf) VALUES ('Monte Horebe', 'PB');
INSERT INTO cidade (nome, uf) VALUES ('Monteiro', 'PB');
INSERT INTO cidade (nome, uf) VALUES ('Mulungu', 'PB');
INSERT INTO cidade (nome, uf) VALUES ('Natuba', 'PB');
INSERT INTO cidade (nome, uf) VALUES ('Nazarezinho', 'PB');
INSERT INTO cidade (nome, uf) VALUES ('Nova Floresta', 'PB');
INSERT INTO cidade (nome, uf) VALUES ('Nova Olinda', 'PB');
INSERT INTO cidade (nome, uf) VALUES ('Nova Palmeira', 'PB');
INSERT INTO cidade (nome, uf) VALUES ('Olivedos', 'PB');
INSERT INTO cidade (nome, uf) VALUES ('Ouro Velho', 'PB');
INSERT INTO cidade (nome, uf) VALUES ('Parari', 'PB');
INSERT INTO cidade (nome, uf) VALUES ('Passagem', 'PB');
INSERT INTO cidade (nome, uf) VALUES ('Patos', 'PB');
INSERT INTO cidade (nome, uf) VALUES ('Paulista', 'PB');
INSERT INTO cidade (nome, uf) VALUES ('Pedra Branca', 'PB');
INSERT INTO cidade (nome, uf) VALUES ('Pedra Lavrada', 'PB');
INSERT INTO cidade (nome, uf) VALUES ('Pedras de Fogo', 'PB');
INSERT INTO cidade (nome, uf) VALUES ('Piancó', 'PB');
INSERT INTO cidade (nome, uf) VALUES ('Picuí', 'PB');
INSERT INTO cidade (nome, uf) VALUES ('Pilar', 'PB');
INSERT INTO cidade (nome, uf) VALUES ('Pilões', 'PB');
INSERT INTO cidade (nome, uf) VALUES ('Pilõezinhos', 'PB');
INSERT INTO cidade (nome, uf) VALUES ('Pirpirituba', 'PB');
INSERT INTO cidade (nome, uf) VALUES ('Pitimbu', 'PB');
INSERT INTO cidade (nome, uf) VALUES ('Pocinhos', 'PB');
INSERT INTO cidade (nome, uf) VALUES ('Poço Dantas', 'PB');
INSERT INTO cidade (nome, uf) VALUES ('Poço de José de Moura', 'PB');
INSERT INTO cidade (nome, uf) VALUES ('Pombal', 'PB');
INSERT INTO cidade (nome, uf) VALUES ('Prata', 'PB');
INSERT INTO cidade (nome, uf) VALUES ('Princesa Isabel', 'PB');
INSERT INTO cidade (nome, uf) VALUES ('Puxinanã', 'PB');
INSERT INTO cidade (nome, uf) VALUES ('Queimadas', 'PB');
INSERT INTO cidade (nome, uf) VALUES ('Quixabá', 'PB');
INSERT INTO cidade (nome, uf) VALUES ('Remígio', 'PB');
INSERT INTO cidade (nome, uf) VALUES ('Pedro Régis', 'PB');
INSERT INTO cidade (nome, uf) VALUES ('Riachão', 'PB');
INSERT INTO cidade (nome, uf) VALUES ('Riachão do Bacamarte', 'PB');
INSERT INTO cidade (nome, uf) VALUES ('Riachão do Poço', 'PB');
INSERT INTO cidade (nome, uf) VALUES ('Riacho de Santo Antônio', 'PB');
INSERT INTO cidade (nome, uf) VALUES ('Riacho dos Cavalos', 'PB');
INSERT INTO cidade (nome, uf) VALUES ('Rio Tinto', 'PB');
INSERT INTO cidade (nome, uf) VALUES ('Salgadinho', 'PB');
INSERT INTO cidade (nome, uf) VALUES ('Salgado de São Félix', 'PB');
INSERT INTO cidade (nome, uf) VALUES ('Santa Cecília', 'PB');
INSERT INTO cidade (nome, uf) VALUES ('Santa Cruz', 'PB');
INSERT INTO cidade (nome, uf) VALUES ('Santa Helena', 'PB');
INSERT INTO cidade (nome, uf) VALUES ('Santa Inês', 'PB');
INSERT INTO cidade (nome, uf) VALUES ('Santa Luzia', 'PB');
INSERT INTO cidade (nome, uf) VALUES ('Santana de Mangueira', 'PB');
INSERT INTO cidade (nome, uf) VALUES ('Santana dos Garrotes', 'PB');
INSERT INTO cidade (nome, uf) VALUES ('Joca Claudino', 'PB');
INSERT INTO cidade (nome, uf) VALUES ('Santa Rita', 'PB');
INSERT INTO cidade (nome, uf) VALUES ('Santa Teresinha', 'PB');
INSERT INTO cidade (nome, uf) VALUES ('Santo André', 'PB');
INSERT INTO cidade (nome, uf) VALUES ('São Bento', 'PB');
INSERT INTO cidade (nome, uf) VALUES ('São Bentinho', 'PB');
INSERT INTO cidade (nome, uf) VALUES ('São Domingos do Cariri', 'PB');
INSERT INTO cidade (nome, uf) VALUES ('São Domingos', 'PB');
INSERT INTO cidade (nome, uf) VALUES ('São Francisco', 'PB');
INSERT INTO cidade (nome, uf) VALUES ('São João do Cariri', 'PB');
INSERT INTO cidade (nome, uf) VALUES ('São João do Tigre', 'PB');
INSERT INTO cidade (nome, uf) VALUES ('São José da Lagoa Tapada', 'PB');
INSERT INTO cidade (nome, uf) VALUES ('São José de Caiana', 'PB');
INSERT INTO cidade (nome, uf) VALUES ('São José de Espinharas', 'PB');
INSERT INTO cidade (nome, uf) VALUES ('São José dos Ramos', 'PB');
INSERT INTO cidade (nome, uf) VALUES ('São José de Piranhas', 'PB');
INSERT INTO cidade (nome, uf) VALUES ('São José de Princesa', 'PB');
INSERT INTO cidade (nome, uf) VALUES ('São José do Bonfim', 'PB');
INSERT INTO cidade (nome, uf) VALUES ('São José do Brejo do Cruz', 'PB');
INSERT INTO cidade (nome, uf) VALUES ('São José do Sabugi', 'PB');
INSERT INTO cidade (nome, uf) VALUES ('São José dos Cordeiros', 'PB');
INSERT INTO cidade (nome, uf) VALUES ('São Mamede', 'PB');
INSERT INTO cidade (nome, uf) VALUES ('São Miguel de Taipu', 'PB');
INSERT INTO cidade (nome, uf) VALUES ('São Sebastião de Lagoa de Roça', 'PB');
INSERT INTO cidade (nome, uf) VALUES ('São Sebastião do Umbuzeiro', 'PB');
INSERT INTO cidade (nome, uf) VALUES ('Sapé', 'PB');
INSERT INTO cidade (nome, uf) VALUES ('São Vicente do Seridó', 'PB');
INSERT INTO cidade (nome, uf) VALUES ('Serra Branca', 'PB');
INSERT INTO cidade (nome, uf) VALUES ('Serra da Raiz', 'PB');
INSERT INTO cidade (nome, uf) VALUES ('Serra Grande', 'PB');
INSERT INTO cidade (nome, uf) VALUES ('Serra Redonda', 'PB');
INSERT INTO cidade (nome, uf) VALUES ('Serraria', 'PB');
INSERT INTO cidade (nome, uf) VALUES ('Sertãozinho', 'PB');
INSERT INTO cidade (nome, uf) VALUES ('Sobrado', 'PB');
INSERT INTO cidade (nome, uf) VALUES ('Solânea', 'PB');
INSERT INTO cidade (nome, uf) VALUES ('Soledade', 'PB');
INSERT INTO cidade (nome, uf) VALUES ('Sossêgo', 'PB');
INSERT INTO cidade (nome, uf) VALUES ('Sousa', 'PB');
INSERT INTO cidade (nome, uf) VALUES ('Sumé', 'PB');
INSERT INTO cidade (nome, uf) VALUES ('Tacima', 'PB');
INSERT INTO cidade (nome, uf) VALUES ('Taperoá', 'PB');
INSERT INTO cidade (nome, uf) VALUES ('Tavares', 'PB');
INSERT INTO cidade (nome, uf) VALUES ('Teixeira', 'PB');
INSERT INTO cidade (nome, uf) VALUES ('Tenório', 'PB');
INSERT INTO cidade (nome, uf) VALUES ('Triunfo', 'PB');
INSERT INTO cidade (nome, uf) VALUES ('Uiraúna', 'PB');
INSERT INTO cidade (nome, uf) VALUES ('Umbuzeiro', 'PB');
INSERT INTO cidade (nome, uf) VALUES ('Várzea', 'PB');
INSERT INTO cidade (nome, uf) VALUES ('Vieirópolis', 'PB');
INSERT INTO cidade (nome, uf) VALUES ('Zabelê', 'PB');
INSERT INTO cidade (nome, uf) VALUES ('Ouro Preto do Oeste', 'RO');
INSERT INTO cidade (nome, uf) VALUES ('Pimenta Bueno', 'RO');
INSERT INTO cidade (nome, uf) VALUES ('Porto Velho', 'RO');
INSERT INTO cidade (nome, uf) VALUES ('Presidente Médici', 'RO');
INSERT INTO cidade (nome, uf) VALUES ('Rio Crespo', 'RO');
INSERT INTO cidade (nome, uf) VALUES ('Rolim de Moura', 'RO');
INSERT INTO cidade (nome, uf) VALUES ('Vilhena', 'RO');
INSERT INTO cidade (nome, uf) VALUES ('São Miguel do Guaporé', 'RO');
INSERT INTO cidade (nome, uf) VALUES ('Nova Mamoré', 'RO');
INSERT INTO cidade (nome, uf) VALUES ('Alto Alegre dos Parecis', 'RO');
INSERT INTO cidade (nome, uf) VALUES ('Alto Paraíso', 'RO');
INSERT INTO cidade (nome, uf) VALUES ('Buritis', 'RO');
INSERT INTO cidade (nome, uf) VALUES ('Novo Horizonte do Oeste', 'RO');
INSERT INTO cidade (nome, uf) VALUES ('Cacaulândia', 'RO');
INSERT INTO cidade (nome, uf) VALUES ('Campo Novo de Rondônia', 'RO');
INSERT INTO cidade (nome, uf) VALUES ('Candeias do Jamari', 'RO');
INSERT INTO cidade (nome, uf) VALUES ('Castanheiras', 'RO');
INSERT INTO cidade (nome, uf) VALUES ('Chupinguaia', 'RO');
INSERT INTO cidade (nome, uf) VALUES ('Cujubim', 'RO');
INSERT INTO cidade (nome, uf) VALUES ('Governador Jorge Teixeira', 'RO');
INSERT INTO cidade (nome, uf) VALUES ('Itapuã do Oeste', 'RO');
INSERT INTO cidade (nome, uf) VALUES ('Ministro Andreazza', 'RO');
INSERT INTO cidade (nome, uf) VALUES ('Mirante da Serra', 'RO');
INSERT INTO cidade (nome, uf) VALUES ('Monte Negro', 'RO');
INSERT INTO cidade (nome, uf) VALUES ('Nova União', 'RO');
INSERT INTO cidade (nome, uf) VALUES ('Parecis', 'RO');
INSERT INTO cidade (nome, uf) VALUES ('Pimenteiras do Oeste', 'RO');
INSERT INTO cidade (nome, uf) VALUES ('Primavera de Rondônia', 'RO');
INSERT INTO cidade (nome, uf) VALUES ('São Francisco do Guaporé', 'RO');
INSERT INTO cidade (nome, uf) VALUES ('Seringueiras', 'RO');
INSERT INTO cidade (nome, uf) VALUES ('Teixeirópolis', 'RO');
INSERT INTO cidade (nome, uf) VALUES ('Theobroma', 'RO');
INSERT INTO cidade (nome, uf) VALUES ('Urupá', 'RO');
INSERT INTO cidade (nome, uf) VALUES ('Vale do Anari', 'RO');
INSERT INTO cidade (nome, uf) VALUES ('Vale do Paraíso', 'RO');
INSERT INTO cidade (nome, uf) VALUES ('Acrelândia', 'AC');
INSERT INTO cidade (nome, uf) VALUES ('Assis Brasil', 'AC');
INSERT INTO cidade (nome, uf) VALUES ('Brasiléia', 'AC');
INSERT INTO cidade (nome, uf) VALUES ('Bujari', 'AC');
INSERT INTO cidade (nome, uf) VALUES ('Capixaba', 'AC');
INSERT INTO cidade (nome, uf) VALUES ('Cruzeiro do Sul', 'AC');
INSERT INTO cidade (nome, uf) VALUES ('Epitaciolândia', 'AC');
INSERT INTO cidade (nome, uf) VALUES ('Feijó', 'AC');
INSERT INTO cidade (nome, uf) VALUES ('Jordão', 'AC');
INSERT INTO cidade (nome, uf) VALUES ('Mâncio Lima', 'AC');
INSERT INTO cidade (nome, uf) VALUES ('Manoel Urbano', 'AC');
INSERT INTO cidade (nome, uf) VALUES ('Marechal Thaumaturgo', 'AC');
INSERT INTO cidade (nome, uf) VALUES ('Plácido de Castro', 'AC');
INSERT INTO cidade (nome, uf) VALUES ('Porto Walter', 'AC');
INSERT INTO cidade (nome, uf) VALUES ('Rio Branco', 'AC');
INSERT INTO cidade (nome, uf) VALUES ('Rodrigues Alves', 'AC');
INSERT INTO cidade (nome, uf) VALUES ('Santa Rosa do Purus', 'AC');
INSERT INTO cidade (nome, uf) VALUES ('Senador Guiomard', 'AC');
INSERT INTO cidade (nome, uf) VALUES ('Sena Madureira', 'AC');
INSERT INTO cidade (nome, uf) VALUES ('Tarauacá', 'AC');
INSERT INTO cidade (nome, uf) VALUES ('Xapuri', 'AC');
INSERT INTO cidade (nome, uf) VALUES ('Porto Acre', 'AC');
INSERT INTO cidade (nome, uf) VALUES ('Alvarães', 'AM');
INSERT INTO cidade (nome, uf) VALUES ('Amaturá', 'AM');
INSERT INTO cidade (nome, uf) VALUES ('Anamã', 'AM');
INSERT INTO cidade (nome, uf) VALUES ('Anori', 'AM');
INSERT INTO cidade (nome, uf) VALUES ('Apuí', 'AM');
INSERT INTO cidade (nome, uf) VALUES ('Atalaia do Norte', 'AM');
INSERT INTO cidade (nome, uf) VALUES ('Autazes', 'AM');
INSERT INTO cidade (nome, uf) VALUES ('Barcelos', 'AM');
INSERT INTO cidade (nome, uf) VALUES ('Barreirinha', 'AM');
INSERT INTO cidade (nome, uf) VALUES ('Benjamin Constant', 'AM');
INSERT INTO cidade (nome, uf) VALUES ('Beruri', 'AM');
INSERT INTO cidade (nome, uf) VALUES ('Boa Vista do Ramos', 'AM');
INSERT INTO cidade (nome, uf) VALUES ('Boca do Acre', 'AM');
INSERT INTO cidade (nome, uf) VALUES ('Borba', 'AM');
INSERT INTO cidade (nome, uf) VALUES ('Caapiranga', 'AM');
INSERT INTO cidade (nome, uf) VALUES ('Canutama', 'AM');
INSERT INTO cidade (nome, uf) VALUES ('Carauari', 'AM');
INSERT INTO cidade (nome, uf) VALUES ('Careiro', 'AM');
INSERT INTO cidade (nome, uf) VALUES ('Careiro da Várzea', 'AM');
INSERT INTO cidade (nome, uf) VALUES ('Coari', 'AM');
INSERT INTO cidade (nome, uf) VALUES ('Codajás', 'AM');
INSERT INTO cidade (nome, uf) VALUES ('Eirunepé', 'AM');
INSERT INTO cidade (nome, uf) VALUES ('Envira', 'AM');
INSERT INTO cidade (nome, uf) VALUES ('Fonte Boa', 'AM');
INSERT INTO cidade (nome, uf) VALUES ('Guajará', 'AM');
INSERT INTO cidade (nome, uf) VALUES ('Humaitá', 'AM');
INSERT INTO cidade (nome, uf) VALUES ('Ipixuna', 'AM');
INSERT INTO cidade (nome, uf) VALUES ('Iranduba', 'AM');
INSERT INTO cidade (nome, uf) VALUES ('Itacoatiara', 'AM');
INSERT INTO cidade (nome, uf) VALUES ('Itamarati', 'AM');
INSERT INTO cidade (nome, uf) VALUES ('Itapiranga', 'AM');
INSERT INTO cidade (nome, uf) VALUES ('Japurá', 'AM');
INSERT INTO cidade (nome, uf) VALUES ('Juruá', 'AM');
INSERT INTO cidade (nome, uf) VALUES ('Jutaí', 'AM');
INSERT INTO cidade (nome, uf) VALUES ('Lábrea', 'AM');
INSERT INTO cidade (nome, uf) VALUES ('Manacapuru', 'AM');
INSERT INTO cidade (nome, uf) VALUES ('Manaquiri', 'AM');
INSERT INTO cidade (nome, uf) VALUES ('Manaus', 'AM');
INSERT INTO cidade (nome, uf) VALUES ('Manicoré', 'AM');
INSERT INTO cidade (nome, uf) VALUES ('Maraã', 'AM');
INSERT INTO cidade (nome, uf) VALUES ('Maués', 'AM');
INSERT INTO cidade (nome, uf) VALUES ('Nhamundá', 'AM');
INSERT INTO cidade (nome, uf) VALUES ('Nova Olinda do Norte', 'AM');
INSERT INTO cidade (nome, uf) VALUES ('Novo Airão', 'AM');
INSERT INTO cidade (nome, uf) VALUES ('Novo Aripuanã', 'AM');
INSERT INTO cidade (nome, uf) VALUES ('Parintins', 'AM');
INSERT INTO cidade (nome, uf) VALUES ('Pauini', 'AM');
INSERT INTO cidade (nome, uf) VALUES ('Presidente Figueiredo', 'AM');
INSERT INTO cidade (nome, uf) VALUES ('Rio Preto da Eva', 'AM');
INSERT INTO cidade (nome, uf) VALUES ('Santa Isabel do Rio Negro', 'AM');
INSERT INTO cidade (nome, uf) VALUES ('Santo Antônio do Içá', 'AM');
INSERT INTO cidade (nome, uf) VALUES ('São Gabriel da Cachoeira', 'AM');
INSERT INTO cidade (nome, uf) VALUES ('São Paulo de Olivença', 'AM');
INSERT INTO cidade (nome, uf) VALUES ('São Sebastião do Uatumã', 'AM');
INSERT INTO cidade (nome, uf) VALUES ('Silves', 'AM');
INSERT INTO cidade (nome, uf) VALUES ('Tabatinga', 'AM');
INSERT INTO cidade (nome, uf) VALUES ('Tapauá', 'AM');
INSERT INTO cidade (nome, uf) VALUES ('Tefé', 'AM');
INSERT INTO cidade (nome, uf) VALUES ('Tonantins', 'AM');
INSERT INTO cidade (nome, uf) VALUES ('Uarini', 'AM');
INSERT INTO cidade (nome, uf) VALUES ('Urucará', 'AM');
INSERT INTO cidade (nome, uf) VALUES ('Urucurituba', 'AM');
INSERT INTO cidade (nome, uf) VALUES ('Amajari', 'RR');
INSERT INTO cidade (nome, uf) VALUES ('Alto Alegre', 'RR');
INSERT INTO cidade (nome, uf) VALUES ('Boa Vista', 'RR');
INSERT INTO cidade (nome, uf) VALUES ('Bonfim', 'RR');
INSERT INTO cidade (nome, uf) VALUES ('Cantá', 'RR');
INSERT INTO cidade (nome, uf) VALUES ('Caracaraí', 'RR');
INSERT INTO cidade (nome, uf) VALUES ('Caroebe', 'RR');
INSERT INTO cidade (nome, uf) VALUES ('Iracema', 'RR');
INSERT INTO cidade (nome, uf) VALUES ('Mucajaí', 'RR');
INSERT INTO cidade (nome, uf) VALUES ('Normandia', 'RR');
INSERT INTO cidade (nome, uf) VALUES ('Pacaraima', 'RR');
INSERT INTO cidade (nome, uf) VALUES ('Rorainópolis', 'RR');
INSERT INTO cidade (nome, uf) VALUES ('São João da Baliza', 'RR');
INSERT INTO cidade (nome, uf) VALUES ('São Luiz', 'RR');
INSERT INTO cidade (nome, uf) VALUES ('Uiramutã', 'RR');
INSERT INTO cidade (nome, uf) VALUES ('Muaná', 'PA');
INSERT INTO cidade (nome, uf) VALUES ('Nova Esperança do Piriá', 'PA');
INSERT INTO cidade (nome, uf) VALUES ('Nova Ipixuna', 'PA');
INSERT INTO cidade (nome, uf) VALUES ('Nova Timboteua', 'PA');
INSERT INTO cidade (nome, uf) VALUES ('Novo Progresso', 'PA');
INSERT INTO cidade (nome, uf) VALUES ('Novo Repartimento', 'PA');
INSERT INTO cidade (nome, uf) VALUES ('Óbidos', 'PA');
INSERT INTO cidade (nome, uf) VALUES ('Oeiras do Pará', 'PA');
INSERT INTO cidade (nome, uf) VALUES ('Oriximiná', 'PA');
INSERT INTO cidade (nome, uf) VALUES ('Ourém', 'PA');
INSERT INTO cidade (nome, uf) VALUES ('Ourilândia do Norte', 'PA');
INSERT INTO cidade (nome, uf) VALUES ('Pacajá', 'PA');
INSERT INTO cidade (nome, uf) VALUES ('Palestina do Pará', 'PA');
INSERT INTO cidade (nome, uf) VALUES ('Paragominas', 'PA');
INSERT INTO cidade (nome, uf) VALUES ('Parauapebas', 'PA');
INSERT INTO cidade (nome, uf) VALUES ('Pau D''Arco', 'PA');
INSERT INTO cidade (nome, uf) VALUES ('Peixe-Boi', 'PA');
INSERT INTO cidade (nome, uf) VALUES ('Piçarra', 'PA');
INSERT INTO cidade (nome, uf) VALUES ('Placas', 'PA');
INSERT INTO cidade (nome, uf) VALUES ('Ponta de Pedras', 'PA');
INSERT INTO cidade (nome, uf) VALUES ('Portel', 'PA');
INSERT INTO cidade (nome, uf) VALUES ('Porto de Moz', 'PA');
INSERT INTO cidade (nome, uf) VALUES ('Prainha', 'PA');
INSERT INTO cidade (nome, uf) VALUES ('Primavera', 'PA');
INSERT INTO cidade (nome, uf) VALUES ('Quatipuru', 'PA');
INSERT INTO cidade (nome, uf) VALUES ('Redenção', 'PA');
INSERT INTO cidade (nome, uf) VALUES ('Rio Maria', 'PA');
INSERT INTO cidade (nome, uf) VALUES ('Rondon do Pará', 'PA');
INSERT INTO cidade (nome, uf) VALUES ('Rurópolis', 'PA');
INSERT INTO cidade (nome, uf) VALUES ('Salinópolis', 'PA');
INSERT INTO cidade (nome, uf) VALUES ('Salvaterra', 'PA');
INSERT INTO cidade (nome, uf) VALUES ('Santa Bárbara do Pará', 'PA');
INSERT INTO cidade (nome, uf) VALUES ('Santa Cruz do Arari', 'PA');
INSERT INTO cidade (nome, uf) VALUES ('Santa Isabel do Pará', 'PA');
INSERT INTO cidade (nome, uf) VALUES ('Santa Luzia do Pará', 'PA');
INSERT INTO cidade (nome, uf) VALUES ('Santa Maria das Barreiras', 'PA');
INSERT INTO cidade (nome, uf) VALUES ('Santa Maria do Pará', 'PA');
INSERT INTO cidade (nome, uf) VALUES ('Santana do Araguaia', 'PA');
INSERT INTO cidade (nome, uf) VALUES ('Santarém', 'PA');
INSERT INTO cidade (nome, uf) VALUES ('Santarém Novo', 'PA');
INSERT INTO cidade (nome, uf) VALUES ('Santo Antônio do Tauá', 'PA');
INSERT INTO cidade (nome, uf) VALUES ('São Caetano de Odivelas', 'PA');
INSERT INTO cidade (nome, uf) VALUES ('São Domingos do Araguaia', 'PA');
INSERT INTO cidade (nome, uf) VALUES ('São Domingos do Capim', 'PA');
INSERT INTO cidade (nome, uf) VALUES ('São Félix do Xingu', 'PA');
INSERT INTO cidade (nome, uf) VALUES ('São Francisco do Pará', 'PA');
INSERT INTO cidade (nome, uf) VALUES ('São Geraldo do Araguaia', 'PA');
INSERT INTO cidade (nome, uf) VALUES ('São João da Ponta', 'PA');
INSERT INTO cidade (nome, uf) VALUES ('São João de Pirabas', 'PA');
INSERT INTO cidade (nome, uf) VALUES ('São João do Araguaia', 'PA');
INSERT INTO cidade (nome, uf) VALUES ('São Miguel do Guamá', 'PA');
INSERT INTO cidade (nome, uf) VALUES ('São Sebastião da Boa Vista', 'PA');
INSERT INTO cidade (nome, uf) VALUES ('Sapucaia', 'PA');
INSERT INTO cidade (nome, uf) VALUES ('Senador José Porfírio', 'PA');
INSERT INTO cidade (nome, uf) VALUES ('Soure', 'PA');
INSERT INTO cidade (nome, uf) VALUES ('Tailândia', 'PA');
INSERT INTO cidade (nome, uf) VALUES ('Terra Alta', 'PA');
INSERT INTO cidade (nome, uf) VALUES ('Terra Santa', 'PA');
INSERT INTO cidade (nome, uf) VALUES ('Tomé-Açu', 'PA');
INSERT INTO cidade (nome, uf) VALUES ('Tracuateua', 'PA');
INSERT INTO cidade (nome, uf) VALUES ('Trairão', 'PA');
INSERT INTO cidade (nome, uf) VALUES ('Tucumã', 'PA');
INSERT INTO cidade (nome, uf) VALUES ('Tucuruí', 'PA');
INSERT INTO cidade (nome, uf) VALUES ('Ulianópolis', 'PA');
INSERT INTO cidade (nome, uf) VALUES ('Uruará', 'PA');
INSERT INTO cidade (nome, uf) VALUES ('Vigia', 'PA');
INSERT INTO cidade (nome, uf) VALUES ('Viseu', 'PA');
INSERT INTO cidade (nome, uf) VALUES ('Vitória do Xingu', 'PA');
INSERT INTO cidade (nome, uf) VALUES ('Xinguara', 'PA');
INSERT INTO cidade (nome, uf) VALUES ('Serra do Navio', 'AP');
INSERT INTO cidade (nome, uf) VALUES ('Amapá', 'AP');
INSERT INTO cidade (nome, uf) VALUES ('Pedra Branca do Amapari', 'AP');
INSERT INTO cidade (nome, uf) VALUES ('Calçoene', 'AP');
INSERT INTO cidade (nome, uf) VALUES ('Cutias', 'AP');
INSERT INTO cidade (nome, uf) VALUES ('Ferreira Gomes', 'AP');
INSERT INTO cidade (nome, uf) VALUES ('Itaubal', 'AP');
INSERT INTO cidade (nome, uf) VALUES ('Laranjal do Jari', 'AP');
INSERT INTO cidade (nome, uf) VALUES ('Macapá', 'AP');
INSERT INTO cidade (nome, uf) VALUES ('Mazagão', 'AP');
INSERT INTO cidade (nome, uf) VALUES ('Oiapoque', 'AP');
INSERT INTO cidade (nome, uf) VALUES ('Porto Grande', 'AP');
INSERT INTO cidade (nome, uf) VALUES ('Pracuúba', 'AP');
INSERT INTO cidade (nome, uf) VALUES ('Santana', 'AP');
INSERT INTO cidade (nome, uf) VALUES ('Tartarugalzinho', 'AP');
INSERT INTO cidade (nome, uf) VALUES ('Vitória do Jari', 'AP');
INSERT INTO cidade (nome, uf) VALUES ('Pium', 'TO');
INSERT INTO cidade (nome, uf) VALUES ('Ponte Alta do Bom Jesus', 'TO');
INSERT INTO cidade (nome, uf) VALUES ('Ponte Alta do Tocantins', 'TO');
INSERT INTO cidade (nome, uf) VALUES ('Porto Alegre do Tocantins', 'TO');
INSERT INTO cidade (nome, uf) VALUES ('Porto Nacional', 'TO');
INSERT INTO cidade (nome, uf) VALUES ('Praia Norte', 'TO');
INSERT INTO cidade (nome, uf) VALUES ('Presidente Kennedy', 'TO');
INSERT INTO cidade (nome, uf) VALUES ('Pugmil', 'TO');
INSERT INTO cidade (nome, uf) VALUES ('Recursolândia', 'TO');
INSERT INTO cidade (nome, uf) VALUES ('Riachinho', 'TO');
INSERT INTO cidade (nome, uf) VALUES ('Rio da Conceição', 'TO');
INSERT INTO cidade (nome, uf) VALUES ('Rio dos Bois', 'TO');
INSERT INTO cidade (nome, uf) VALUES ('Rio Sono', 'TO');
INSERT INTO cidade (nome, uf) VALUES ('Sampaio', 'TO');
INSERT INTO cidade (nome, uf) VALUES ('Sandolândia', 'TO');
INSERT INTO cidade (nome, uf) VALUES ('Santa Fé do Araguaia', 'TO');
INSERT INTO cidade (nome, uf) VALUES ('Santa Maria do Tocantins', 'TO');
INSERT INTO cidade (nome, uf) VALUES ('Santa Rita do Tocantins', 'TO');
INSERT INTO cidade (nome, uf) VALUES ('Santa Rosa do Tocantins', 'TO');
INSERT INTO cidade (nome, uf) VALUES ('Santa Tereza do Tocantins', 'TO');
INSERT INTO cidade (nome, uf) VALUES ('Santa Terezinha do Tocantins', 'TO');
INSERT INTO cidade (nome, uf) VALUES ('São Bento do Tocantins', 'TO');
INSERT INTO cidade (nome, uf) VALUES ('São Félix do Tocantins', 'TO');
INSERT INTO cidade (nome, uf) VALUES ('São Miguel do Tocantins', 'TO');
INSERT INTO cidade (nome, uf) VALUES ('São Salvador do Tocantins', 'TO');
INSERT INTO cidade (nome, uf) VALUES ('São Sebastião do Tocantins', 'TO');
INSERT INTO cidade (nome, uf) VALUES ('São Valério', 'TO');
INSERT INTO cidade (nome, uf) VALUES ('Silvanópolis', 'TO');
INSERT INTO cidade (nome, uf) VALUES ('Sítio Novo do Tocantins', 'TO');
INSERT INTO cidade (nome, uf) VALUES ('Sucupira', 'TO');
INSERT INTO cidade (nome, uf) VALUES ('Taguatinga', 'TO');
INSERT INTO cidade (nome, uf) VALUES ('Taipas do Tocantins', 'TO');
INSERT INTO cidade (nome, uf) VALUES ('Talismã', 'TO');
INSERT INTO cidade (nome, uf) VALUES ('Palmas', 'TO');
INSERT INTO cidade (nome, uf) VALUES ('Tocantínia', 'TO');
INSERT INTO cidade (nome, uf) VALUES ('Tocantinópolis', 'TO');
INSERT INTO cidade (nome, uf) VALUES ('Tupirama', 'TO');
INSERT INTO cidade (nome, uf) VALUES ('Tupiratins', 'TO');
INSERT INTO cidade (nome, uf) VALUES ('Wanderlândia', 'TO');
INSERT INTO cidade (nome, uf) VALUES ('Xambioá', 'TO');
INSERT INTO cidade (nome, uf) VALUES ('Penalva', 'MA');
INSERT INTO cidade (nome, uf) VALUES ('Peri Mirim', 'MA');
INSERT INTO cidade (nome, uf) VALUES ('Peritoró', 'MA');
INSERT INTO cidade (nome, uf) VALUES ('Pindaré-Mirim', 'MA');
INSERT INTO cidade (nome, uf) VALUES ('Pinheiro', 'MA');
INSERT INTO cidade (nome, uf) VALUES ('Pio XII', 'MA');
INSERT INTO cidade (nome, uf) VALUES ('Pirapemas', 'MA');
INSERT INTO cidade (nome, uf) VALUES ('Poção de Pedras', 'MA');
INSERT INTO cidade (nome, uf) VALUES ('Porto Franco', 'MA');
INSERT INTO cidade (nome, uf) VALUES ('Porto Rico do Maranhão', 'MA');
INSERT INTO cidade (nome, uf) VALUES ('Presidente Dutra', 'MA');
INSERT INTO cidade (nome, uf) VALUES ('Presidente Juscelino', 'MA');
INSERT INTO cidade (nome, uf) VALUES ('Presidente Médici', 'MA');
INSERT INTO cidade (nome, uf) VALUES ('Presidente Sarney', 'MA');
INSERT INTO cidade (nome, uf) VALUES ('Presidente Vargas', 'MA');
INSERT INTO cidade (nome, uf) VALUES ('Primeira Cruz', 'MA');
INSERT INTO cidade (nome, uf) VALUES ('Raposa', 'MA');
INSERT INTO cidade (nome, uf) VALUES ('Riachão', 'MA');
INSERT INTO cidade (nome, uf) VALUES ('Ribamar Fiquene', 'MA');
INSERT INTO cidade (nome, uf) VALUES ('Rosário', 'MA');
INSERT INTO cidade (nome, uf) VALUES ('Sambaíba', 'MA');
INSERT INTO cidade (nome, uf) VALUES ('Santa Filomena do Maranhão', 'MA');
INSERT INTO cidade (nome, uf) VALUES ('Santa Helena', 'MA');
INSERT INTO cidade (nome, uf) VALUES ('Santa Inês', 'MA');
INSERT INTO cidade (nome, uf) VALUES ('Santa Luzia', 'MA');
INSERT INTO cidade (nome, uf) VALUES ('Santa Luzia do Paruá', 'MA');
INSERT INTO cidade (nome, uf) VALUES ('Santa Quitéria do Maranhão', 'MA');
INSERT INTO cidade (nome, uf) VALUES ('Santa Rita', 'MA');
INSERT INTO cidade (nome, uf) VALUES ('Santana do Maranhão', 'MA');
INSERT INTO cidade (nome, uf) VALUES ('Santo Amaro do Maranhão', 'MA');
INSERT INTO cidade (nome, uf) VALUES ('Santo Antônio dos Lopes', 'MA');
INSERT INTO cidade (nome, uf) VALUES ('São Benedito do Rio Preto', 'MA');
INSERT INTO cidade (nome, uf) VALUES ('São Bento', 'MA');
INSERT INTO cidade (nome, uf) VALUES ('São Bernardo', 'MA');
INSERT INTO cidade (nome, uf) VALUES ('São Domingos do Azeitão', 'MA');
INSERT INTO cidade (nome, uf) VALUES ('São Domingos do Maranhão', 'MA');
INSERT INTO cidade (nome, uf) VALUES ('São Félix de Balsas', 'MA');
INSERT INTO cidade (nome, uf) VALUES ('São Francisco do Brejão', 'MA');
INSERT INTO cidade (nome, uf) VALUES ('São Francisco do Maranhão', 'MA');
INSERT INTO cidade (nome, uf) VALUES ('São João Batista', 'MA');
INSERT INTO cidade (nome, uf) VALUES ('São João do Carú', 'MA');
INSERT INTO cidade (nome, uf) VALUES ('São João do Paraíso', 'MA');
INSERT INTO cidade (nome, uf) VALUES ('São João do Soter', 'MA');
INSERT INTO cidade (nome, uf) VALUES ('São João dos Patos', 'MA');
INSERT INTO cidade (nome, uf) VALUES ('São José de Ribamar', 'MA');
INSERT INTO cidade (nome, uf) VALUES ('São José dos Basílios', 'MA');
INSERT INTO cidade (nome, uf) VALUES ('São Luís', 'MA');
INSERT INTO cidade (nome, uf) VALUES ('São Luís Gonzaga do Maranhão', 'MA');
INSERT INTO cidade (nome, uf) VALUES ('São Mateus do Maranhão', 'MA');
INSERT INTO cidade (nome, uf) VALUES ('São Pedro da Água Branca', 'MA');
INSERT INTO cidade (nome, uf) VALUES ('São Pedro dos Crentes', 'MA');
INSERT INTO cidade (nome, uf) VALUES ('São Raimundo das Mangabeiras', 'MA');
INSERT INTO cidade (nome, uf) VALUES ('São Raimundo do Doca Bezerra', 'MA');
INSERT INTO cidade (nome, uf) VALUES ('São Roberto', 'MA');
INSERT INTO cidade (nome, uf) VALUES ('São Vicente Ferrer', 'MA');
INSERT INTO cidade (nome, uf) VALUES ('Satubinha', 'MA');
INSERT INTO cidade (nome, uf) VALUES ('Senador Alexandre Costa', 'MA');
INSERT INTO cidade (nome, uf) VALUES ('Senador La Rocque', 'MA');
INSERT INTO cidade (nome, uf) VALUES ('Serrano do Maranhão', 'MA');
INSERT INTO cidade (nome, uf) VALUES ('Sítio Novo', 'MA');
INSERT INTO cidade (nome, uf) VALUES ('Sucupira do Norte', 'MA');
INSERT INTO cidade (nome, uf) VALUES ('Sucupira do Riachão', 'MA');
INSERT INTO cidade (nome, uf) VALUES ('Tasso Fragoso', 'MA');
INSERT INTO cidade (nome, uf) VALUES ('Timbiras', 'MA');
INSERT INTO cidade (nome, uf) VALUES ('Timon', 'MA');
INSERT INTO cidade (nome, uf) VALUES ('Trizidela do Vale', 'MA');
INSERT INTO cidade (nome, uf) VALUES ('Tufilândia', 'MA');
INSERT INTO cidade (nome, uf) VALUES ('Tuntum', 'MA');
INSERT INTO cidade (nome, uf) VALUES ('Turiaçu', 'MA');
INSERT INTO cidade (nome, uf) VALUES ('Turilândia', 'MA');
INSERT INTO cidade (nome, uf) VALUES ('Tutóia', 'MA');
INSERT INTO cidade (nome, uf) VALUES ('Urbano Santos', 'MA');
INSERT INTO cidade (nome, uf) VALUES ('Vargem Grande', 'MA');
INSERT INTO cidade (nome, uf) VALUES ('Viana', 'MA');
INSERT INTO cidade (nome, uf) VALUES ('Vila Nova dos Martírios', 'MA');
INSERT INTO cidade (nome, uf) VALUES ('Vitória do Mearim', 'MA');
INSERT INTO cidade (nome, uf) VALUES ('Vitorino Freire', 'MA');
INSERT INTO cidade (nome, uf) VALUES ('Zé Doca', 'MA');
INSERT INTO cidade (nome, uf) VALUES ('Parnaíba', 'PI');
INSERT INTO cidade (nome, uf) VALUES ('Passagem Franca do Piauí', 'PI');
INSERT INTO cidade (nome, uf) VALUES ('Patos do Piauí', 'PI');
INSERT INTO cidade (nome, uf) VALUES ('Pau D''Arco do Piauí', 'PI');
INSERT INTO cidade (nome, uf) VALUES ('Paulistana', 'PI');
INSERT INTO cidade (nome, uf) VALUES ('Pavussu', 'PI');
INSERT INTO cidade (nome, uf) VALUES ('Pedro II', 'PI');
INSERT INTO cidade (nome, uf) VALUES ('Pedro Laurentino', 'PI');
INSERT INTO cidade (nome, uf) VALUES ('Nova Santa Rita', 'PI');
INSERT INTO cidade (nome, uf) VALUES ('Picos', 'PI');
INSERT INTO cidade (nome, uf) VALUES ('Pimenteiras', 'PI');
INSERT INTO cidade (nome, uf) VALUES ('Pio IX', 'PI');
INSERT INTO cidade (nome, uf) VALUES ('Piracuruca', 'PI');
INSERT INTO cidade (nome, uf) VALUES ('Piripiri', 'PI');
INSERT INTO cidade (nome, uf) VALUES ('Porto', 'PI');
INSERT INTO cidade (nome, uf) VALUES ('Porto Alegre do Piauí', 'PI');
INSERT INTO cidade (nome, uf) VALUES ('Prata do Piauí', 'PI');
INSERT INTO cidade (nome, uf) VALUES ('Queimada Nova', 'PI');
INSERT INTO cidade (nome, uf) VALUES ('Redenção do Gurguéia', 'PI');
INSERT INTO cidade (nome, uf) VALUES ('Regeneração', 'PI');
INSERT INTO cidade (nome, uf) VALUES ('Riacho Frio', 'PI');
INSERT INTO cidade (nome, uf) VALUES ('Ribeira do Piauí', 'PI');
INSERT INTO cidade (nome, uf) VALUES ('Ribeiro Gonçalves', 'PI');
INSERT INTO cidade (nome, uf) VALUES ('Rio Grande do Piauí', 'PI');
INSERT INTO cidade (nome, uf) VALUES ('Santa Cruz do Piauí', 'PI');
INSERT INTO cidade (nome, uf) VALUES ('Santa Cruz dos Milagres', 'PI');
INSERT INTO cidade (nome, uf) VALUES ('Santa Filomena', 'PI');
INSERT INTO cidade (nome, uf) VALUES ('Santa Luz', 'PI');
INSERT INTO cidade (nome, uf) VALUES ('Santana do Piauí', 'PI');
INSERT INTO cidade (nome, uf) VALUES ('Santa Rosa do Piauí', 'PI');
INSERT INTO cidade (nome, uf) VALUES ('Santo Antônio de Lisboa', 'PI');
INSERT INTO cidade (nome, uf) VALUES ('Santo Antônio dos Milagres', 'PI');
INSERT INTO cidade (nome, uf) VALUES ('Santo Inácio do Piauí', 'PI');
INSERT INTO cidade (nome, uf) VALUES ('São Braz do Piauí', 'PI');
INSERT INTO cidade (nome, uf) VALUES ('São Félix do Piauí', 'PI');
INSERT INTO cidade (nome, uf) VALUES ('São Francisco de Assis do Piauí', 'PI');
INSERT INTO cidade (nome, uf) VALUES ('São Francisco do Piauí', 'PI');
INSERT INTO cidade (nome, uf) VALUES ('São Gonçalo do Gurguéia', 'PI');
INSERT INTO cidade (nome, uf) VALUES ('São Gonçalo do Piauí', 'PI');
INSERT INTO cidade (nome, uf) VALUES ('São João da Canabrava', 'PI');
INSERT INTO cidade (nome, uf) VALUES ('São João da Fronteira', 'PI');
INSERT INTO cidade (nome, uf) VALUES ('São João da Serra', 'PI');
INSERT INTO cidade (nome, uf) VALUES ('São João da Varjota', 'PI');
INSERT INTO cidade (nome, uf) VALUES ('São João do Arraial', 'PI');
INSERT INTO cidade (nome, uf) VALUES ('São João do Piauí', 'PI');
INSERT INTO cidade (nome, uf) VALUES ('São José do Divino', 'PI');
INSERT INTO cidade (nome, uf) VALUES ('São José do Peixe', 'PI');
INSERT INTO cidade (nome, uf) VALUES ('São José do Piauí', 'PI');
INSERT INTO cidade (nome, uf) VALUES ('São Julião', 'PI');
INSERT INTO cidade (nome, uf) VALUES ('São Lourenço do Piauí', 'PI');
INSERT INTO cidade (nome, uf) VALUES ('São Luis do Piauí', 'PI');
INSERT INTO cidade (nome, uf) VALUES ('São Miguel da Baixa Grande', 'PI');
INSERT INTO cidade (nome, uf) VALUES ('São Miguel do Fidalgo', 'PI');
INSERT INTO cidade (nome, uf) VALUES ('São Miguel do Tapuio', 'PI');
INSERT INTO cidade (nome, uf) VALUES ('São Pedro do Piauí', 'PI');
INSERT INTO cidade (nome, uf) VALUES ('São Raimundo Nonato', 'PI');
INSERT INTO cidade (nome, uf) VALUES ('Sebastião Barros', 'PI');
INSERT INTO cidade (nome, uf) VALUES ('Sebastião Leal', 'PI');
INSERT INTO cidade (nome, uf) VALUES ('Sigefredo Pacheco', 'PI');
INSERT INTO cidade (nome, uf) VALUES ('Simões', 'PI');
INSERT INTO cidade (nome, uf) VALUES ('Simplício Mendes', 'PI');
INSERT INTO cidade (nome, uf) VALUES ('Socorro do Piauí', 'PI');
INSERT INTO cidade (nome, uf) VALUES ('Sussuapara', 'PI');
INSERT INTO cidade (nome, uf) VALUES ('Tamboril do Piauí', 'PI');
INSERT INTO cidade (nome, uf) VALUES ('Tanque do Piauí', 'PI');
INSERT INTO cidade (nome, uf) VALUES ('Teresina', 'PI');
INSERT INTO cidade (nome, uf) VALUES ('União', 'PI');
INSERT INTO cidade (nome, uf) VALUES ('Uruçuí', 'PI');
INSERT INTO cidade (nome, uf) VALUES ('Valença do Piauí', 'PI');
INSERT INTO cidade (nome, uf) VALUES ('Várzea Branca', 'PI');
INSERT INTO cidade (nome, uf) VALUES ('Várzea Grande', 'PI');
INSERT INTO cidade (nome, uf) VALUES ('Vera Mendes', 'PI');
INSERT INTO cidade (nome, uf) VALUES ('Vila Nova do Piauí', 'PI');
INSERT INTO cidade (nome, uf) VALUES ('Wall Ferraz', 'PI');
INSERT INTO cidade (nome, uf) VALUES ('Abaiara', 'CE');
INSERT INTO cidade (nome, uf) VALUES ('Acarape', 'CE');
INSERT INTO cidade (nome, uf) VALUES ('Acaraú', 'CE');
INSERT INTO cidade (nome, uf) VALUES ('Acopiara', 'CE');
INSERT INTO cidade (nome, uf) VALUES ('Aiuaba', 'CE');
INSERT INTO cidade (nome, uf) VALUES ('Alcântaras', 'CE');
INSERT INTO cidade (nome, uf) VALUES ('Altaneira', 'CE');
INSERT INTO cidade (nome, uf) VALUES ('Alto Santo', 'CE');
INSERT INTO cidade (nome, uf) VALUES ('Amontada', 'CE');
INSERT INTO cidade (nome, uf) VALUES ('Antonina do Norte', 'CE');
INSERT INTO cidade (nome, uf) VALUES ('Apuiarés', 'CE');
INSERT INTO cidade (nome, uf) VALUES ('Aquiraz', 'CE');
INSERT INTO cidade (nome, uf) VALUES ('Aracati', 'CE');
INSERT INTO cidade (nome, uf) VALUES ('Aracoiaba', 'CE');
INSERT INTO cidade (nome, uf) VALUES ('Ararendá', 'CE');
INSERT INTO cidade (nome, uf) VALUES ('Araripe', 'CE');
INSERT INTO cidade (nome, uf) VALUES ('Aratuba', 'CE');
INSERT INTO cidade (nome, uf) VALUES ('Arneiroz', 'CE');
INSERT INTO cidade (nome, uf) VALUES ('Assaré', 'CE');
INSERT INTO cidade (nome, uf) VALUES ('Aurora', 'CE');
INSERT INTO cidade (nome, uf) VALUES ('Baixio', 'CE');
INSERT INTO cidade (nome, uf) VALUES ('Banabuiú', 'CE');
INSERT INTO cidade (nome, uf) VALUES ('Barbalha', 'CE');
INSERT INTO cidade (nome, uf) VALUES ('Barreira', 'CE');
INSERT INTO cidade (nome, uf) VALUES ('Barro', 'CE');
INSERT INTO cidade (nome, uf) VALUES ('Barroquinha', 'CE');
INSERT INTO cidade (nome, uf) VALUES ('Baturité', 'CE');
INSERT INTO cidade (nome, uf) VALUES ('Beberibe', 'CE');
INSERT INTO cidade (nome, uf) VALUES ('Bela Cruz', 'CE');
INSERT INTO cidade (nome, uf) VALUES ('Boa Viagem', 'CE');
INSERT INTO cidade (nome, uf) VALUES ('Brejo Santo', 'CE');
INSERT INTO cidade (nome, uf) VALUES ('Camocim', 'CE');
INSERT INTO cidade (nome, uf) VALUES ('Campos Sales', 'CE');
INSERT INTO cidade (nome, uf) VALUES ('Canindé', 'CE');
INSERT INTO cidade (nome, uf) VALUES ('Capistrano', 'CE');
INSERT INTO cidade (nome, uf) VALUES ('Caridade', 'CE');
INSERT INTO cidade (nome, uf) VALUES ('Cariré', 'CE');
INSERT INTO cidade (nome, uf) VALUES ('Caririaçu', 'CE');
INSERT INTO cidade (nome, uf) VALUES ('Cariús', 'CE');
INSERT INTO cidade (nome, uf) VALUES ('Carnaubal', 'CE');
INSERT INTO cidade (nome, uf) VALUES ('Cascavel', 'CE');
INSERT INTO cidade (nome, uf) VALUES ('Catarina', 'CE');
INSERT INTO cidade (nome, uf) VALUES ('Catunda', 'CE');
INSERT INTO cidade (nome, uf) VALUES ('Caucaia', 'CE');
INSERT INTO cidade (nome, uf) VALUES ('Cedro', 'CE');
INSERT INTO cidade (nome, uf) VALUES ('Chaval', 'CE');
INSERT INTO cidade (nome, uf) VALUES ('Choró', 'CE');
INSERT INTO cidade (nome, uf) VALUES ('Chorozinho', 'CE');
INSERT INTO cidade (nome, uf) VALUES ('Coreaú', 'CE');
INSERT INTO cidade (nome, uf) VALUES ('Crateús', 'CE');
INSERT INTO cidade (nome, uf) VALUES ('Crato', 'CE');
INSERT INTO cidade (nome, uf) VALUES ('Croatá', 'CE');
INSERT INTO cidade (nome, uf) VALUES ('Cruz', 'CE');
INSERT INTO cidade (nome, uf) VALUES ('Deputado Irapuan Pinheiro', 'CE');
INSERT INTO cidade (nome, uf) VALUES ('Ererê', 'CE');
INSERT INTO cidade (nome, uf) VALUES ('Eusébio', 'CE');
INSERT INTO cidade (nome, uf) VALUES ('Farias Brito', 'CE');
INSERT INTO cidade (nome, uf) VALUES ('Forquilha', 'CE');
INSERT INTO cidade (nome, uf) VALUES ('Fortaleza', 'CE');
INSERT INTO cidade (nome, uf) VALUES ('Fortim', 'CE');
INSERT INTO cidade (nome, uf) VALUES ('Frecheirinha', 'CE');
INSERT INTO cidade (nome, uf) VALUES ('General Sampaio', 'CE');
INSERT INTO cidade (nome, uf) VALUES ('Graça', 'CE');
INSERT INTO cidade (nome, uf) VALUES ('Granja', 'CE');
INSERT INTO cidade (nome, uf) VALUES ('Granjeiro', 'CE');
INSERT INTO cidade (nome, uf) VALUES ('Groaíras', 'CE');
INSERT INTO cidade (nome, uf) VALUES ('Guaiúba', 'CE');
INSERT INTO cidade (nome, uf) VALUES ('Guaraciaba do Norte', 'CE');
INSERT INTO cidade (nome, uf) VALUES ('Guaramiranga', 'CE');
INSERT INTO cidade (nome, uf) VALUES ('Hidrolândia', 'CE');
INSERT INTO cidade (nome, uf) VALUES ('Horizonte', 'CE');
INSERT INTO cidade (nome, uf) VALUES ('Ibaretama', 'CE');
INSERT INTO cidade (nome, uf) VALUES ('Ibiapina', 'CE');
INSERT INTO cidade (nome, uf) VALUES ('Ibicuitinga', 'CE');
INSERT INTO cidade (nome, uf) VALUES ('Icapuí', 'CE');
INSERT INTO cidade (nome, uf) VALUES ('Icó', 'CE');
INSERT INTO cidade (nome, uf) VALUES ('Iguatu', 'CE');
INSERT INTO cidade (nome, uf) VALUES ('Independência', 'CE');
INSERT INTO cidade (nome, uf) VALUES ('Ipaporanga', 'CE');
INSERT INTO cidade (nome, uf) VALUES ('Ipaumirim', 'CE');
INSERT INTO cidade (nome, uf) VALUES ('Ipu', 'CE');
INSERT INTO cidade (nome, uf) VALUES ('Ipueiras', 'CE');
INSERT INTO cidade (nome, uf) VALUES ('Iracema', 'CE');
INSERT INTO cidade (nome, uf) VALUES ('Irauçuba', 'CE');
INSERT INTO cidade (nome, uf) VALUES ('Itaiçaba', 'CE');
INSERT INTO cidade (nome, uf) VALUES ('Itaitinga', 'CE');
INSERT INTO cidade (nome, uf) VALUES ('Itapagé', 'CE');
INSERT INTO cidade (nome, uf) VALUES ('Itapipoca', 'CE');
INSERT INTO cidade (nome, uf) VALUES ('Itapiúna', 'CE');
INSERT INTO cidade (nome, uf) VALUES ('Itarema', 'CE');
INSERT INTO cidade (nome, uf) VALUES ('Itatira', 'CE');
INSERT INTO cidade (nome, uf) VALUES ('Jaguaretama', 'CE');
INSERT INTO cidade (nome, uf) VALUES ('Jaguaribara', 'CE');
INSERT INTO cidade (nome, uf) VALUES ('Jaguaribe', 'CE');
INSERT INTO cidade (nome, uf) VALUES ('Jaguaruana', 'CE');
INSERT INTO cidade (nome, uf) VALUES ('Jardim', 'CE');
INSERT INTO cidade (nome, uf) VALUES ('Jati', 'CE');
INSERT INTO cidade (nome, uf) VALUES ('Jijoca de Jericoacoara', 'CE');
INSERT INTO cidade (nome, uf) VALUES ('Juazeiro do Norte', 'CE');
INSERT INTO cidade (nome, uf) VALUES ('Jucás', 'CE');
INSERT INTO cidade (nome, uf) VALUES ('Lavras da Mangabeira', 'CE');
INSERT INTO cidade (nome, uf) VALUES ('Limoeiro do Norte', 'CE');
INSERT INTO cidade (nome, uf) VALUES ('Madalena', 'CE');
INSERT INTO cidade (nome, uf) VALUES ('Maracanaú', 'CE');
INSERT INTO cidade (nome, uf) VALUES ('Maranguape', 'CE');
INSERT INTO cidade (nome, uf) VALUES ('Marco', 'CE');
INSERT INTO cidade (nome, uf) VALUES ('Martinópole', 'CE');
INSERT INTO cidade (nome, uf) VALUES ('Massapê', 'CE');
INSERT INTO cidade (nome, uf) VALUES ('Mauriti', 'CE');
INSERT INTO cidade (nome, uf) VALUES ('Meruoca', 'CE');
INSERT INTO cidade (nome, uf) VALUES ('Milagres', 'CE');
INSERT INTO cidade (nome, uf) VALUES ('Milhã', 'CE');
INSERT INTO cidade (nome, uf) VALUES ('Miraíma', 'CE');
INSERT INTO cidade (nome, uf) VALUES ('Missão Velha', 'CE');
INSERT INTO cidade (nome, uf) VALUES ('Mombaça', 'CE');
INSERT INTO cidade (nome, uf) VALUES ('Monsenhor Tabosa', 'CE');
INSERT INTO cidade (nome, uf) VALUES ('Morada Nova', 'CE');
INSERT INTO cidade (nome, uf) VALUES ('Moraújo', 'CE');
INSERT INTO cidade (nome, uf) VALUES ('Morrinhos', 'CE');
INSERT INTO cidade (nome, uf) VALUES ('Mucambo', 'CE');
INSERT INTO cidade (nome, uf) VALUES ('Mulungu', 'CE');
INSERT INTO cidade (nome, uf) VALUES ('Nova Olinda', 'CE');
INSERT INTO cidade (nome, uf) VALUES ('Nova Russas', 'CE');
INSERT INTO cidade (nome, uf) VALUES ('Novo Oriente', 'CE');
INSERT INTO cidade (nome, uf) VALUES ('Ocara', 'CE');
INSERT INTO cidade (nome, uf) VALUES ('Orós', 'CE');
INSERT INTO cidade (nome, uf) VALUES ('Pacajus', 'CE');
INSERT INTO cidade (nome, uf) VALUES ('Pacatuba', 'CE');
INSERT INTO cidade (nome, uf) VALUES ('Pacoti', 'CE');
INSERT INTO cidade (nome, uf) VALUES ('Pacujá', 'CE');
INSERT INTO cidade (nome, uf) VALUES ('Palhano', 'CE');
INSERT INTO cidade (nome, uf) VALUES ('Palmácia', 'CE');
INSERT INTO cidade (nome, uf) VALUES ('Paracuru', 'CE');
INSERT INTO cidade (nome, uf) VALUES ('Paraipaba', 'CE');
INSERT INTO cidade (nome, uf) VALUES ('Parambu', 'CE');
INSERT INTO cidade (nome, uf) VALUES ('Paramoti', 'CE');
INSERT INTO cidade (nome, uf) VALUES ('Pedra Branca', 'CE');
INSERT INTO cidade (nome, uf) VALUES ('Penaforte', 'CE');
INSERT INTO cidade (nome, uf) VALUES ('Pentecoste', 'CE');
INSERT INTO cidade (nome, uf) VALUES ('Pereiro', 'CE');
INSERT INTO cidade (nome, uf) VALUES ('Pindoretama', 'CE');
INSERT INTO cidade (nome, uf) VALUES ('Piquet Carneiro', 'CE');
INSERT INTO cidade (nome, uf) VALUES ('Pires Ferreira', 'CE');
INSERT INTO cidade (nome, uf) VALUES ('Poranga', 'CE');
INSERT INTO cidade (nome, uf) VALUES ('Porteiras', 'CE');
INSERT INTO cidade (nome, uf) VALUES ('Potengi', 'CE');
INSERT INTO cidade (nome, uf) VALUES ('Potiretama', 'CE');
INSERT INTO cidade (nome, uf) VALUES ('Quiterianópolis', 'CE');
INSERT INTO cidade (nome, uf) VALUES ('Quixadá', 'CE');
INSERT INTO cidade (nome, uf) VALUES ('Quixelô', 'CE');
INSERT INTO cidade (nome, uf) VALUES ('Quixeramobim', 'CE');
INSERT INTO cidade (nome, uf) VALUES ('Quixeré', 'CE');
INSERT INTO cidade (nome, uf) VALUES ('Redenção', 'CE');
INSERT INTO cidade (nome, uf) VALUES ('Reriutaba', 'CE');
INSERT INTO cidade (nome, uf) VALUES ('Russas', 'CE');
INSERT INTO cidade (nome, uf) VALUES ('Saboeiro', 'CE');
INSERT INTO cidade (nome, uf) VALUES ('Salitre', 'CE');
INSERT INTO cidade (nome, uf) VALUES ('Santana do Acaraú', 'CE');
INSERT INTO cidade (nome, uf) VALUES ('Santana do Cariri', 'CE');
INSERT INTO cidade (nome, uf) VALUES ('Santa Quitéria', 'CE');
INSERT INTO cidade (nome, uf) VALUES ('São Benedito', 'CE');
INSERT INTO cidade (nome, uf) VALUES ('São Gonçalo do Amarante', 'CE');
INSERT INTO cidade (nome, uf) VALUES ('São João do Jaguaribe', 'CE');
INSERT INTO cidade (nome, uf) VALUES ('São Luís do Curu', 'CE');
INSERT INTO cidade (nome, uf) VALUES ('Senador Pompeu', 'CE');
INSERT INTO cidade (nome, uf) VALUES ('Senador Sá', 'CE');
INSERT INTO cidade (nome, uf) VALUES ('Sobral', 'CE');
INSERT INTO cidade (nome, uf) VALUES ('Solonópole', 'CE');
INSERT INTO cidade (nome, uf) VALUES ('Tabuleiro do Norte', 'CE');
INSERT INTO cidade (nome, uf) VALUES ('Tamboril', 'CE');
INSERT INTO cidade (nome, uf) VALUES ('Tarrafas', 'CE');
INSERT INTO cidade (nome, uf) VALUES ('Tauá', 'CE');
INSERT INTO cidade (nome, uf) VALUES ('Tejuçuoca', 'CE');
INSERT INTO cidade (nome, uf) VALUES ('Tianguá', 'CE');
INSERT INTO cidade (nome, uf) VALUES ('Trairi', 'CE');
INSERT INTO cidade (nome, uf) VALUES ('Tururu', 'CE');
INSERT INTO cidade (nome, uf) VALUES ('Ubajara', 'CE');
INSERT INTO cidade (nome, uf) VALUES ('Umari', 'CE');
INSERT INTO cidade (nome, uf) VALUES ('Umirim', 'CE');
INSERT INTO cidade (nome, uf) VALUES ('Uruburetama', 'CE');
INSERT INTO cidade (nome, uf) VALUES ('Uruoca', 'CE');
INSERT INTO cidade (nome, uf) VALUES ('Varjota', 'CE');
INSERT INTO cidade (nome, uf) VALUES ('Várzea Alegre', 'CE');
INSERT INTO cidade (nome, uf) VALUES ('Viçosa do Ceará', 'CE');
INSERT INTO cidade (nome, uf) VALUES ('Martins', 'RN');
INSERT INTO cidade (nome, uf) VALUES ('Maxaranguape', 'RN');
INSERT INTO cidade (nome, uf) VALUES ('Messias Targino', 'RN');
INSERT INTO cidade (nome, uf) VALUES ('Montanhas', 'RN');
INSERT INTO cidade (nome, uf) VALUES ('Monte Alegre', 'RN');
INSERT INTO cidade (nome, uf) VALUES ('Monte das Gameleiras', 'RN');
INSERT INTO cidade (nome, uf) VALUES ('Mossoró', 'RN');
INSERT INTO cidade (nome, uf) VALUES ('Natal', 'RN');
INSERT INTO cidade (nome, uf) VALUES ('Nísia Floresta', 'RN');
INSERT INTO cidade (nome, uf) VALUES ('Nova Cruz', 'RN');
INSERT INTO cidade (nome, uf) VALUES ('Olho-D''Água do Borges', 'RN');
INSERT INTO cidade (nome, uf) VALUES ('Ouro Branco', 'RN');
INSERT INTO cidade (nome, uf) VALUES ('Paraná', 'RN');
INSERT INTO cidade (nome, uf) VALUES ('Paraú', 'RN');
INSERT INTO cidade (nome, uf) VALUES ('Parazinho', 'RN');
INSERT INTO cidade (nome, uf) VALUES ('Parelhas', 'RN');
INSERT INTO cidade (nome, uf) VALUES ('Rio do Fogo', 'RN');
INSERT INTO cidade (nome, uf) VALUES ('Passa e Fica', 'RN');
INSERT INTO cidade (nome, uf) VALUES ('Passagem', 'RN');
INSERT INTO cidade (nome, uf) VALUES ('Patu', 'RN');
INSERT INTO cidade (nome, uf) VALUES ('Santa Maria', 'RN');
INSERT INTO cidade (nome, uf) VALUES ('Pau dos Ferros', 'RN');
INSERT INTO cidade (nome, uf) VALUES ('Pedra Grande', 'RN');
INSERT INTO cidade (nome, uf) VALUES ('Pedra Preta', 'RN');
INSERT INTO cidade (nome, uf) VALUES ('Pedro Avelino', 'RN');
INSERT INTO cidade (nome, uf) VALUES ('Pedro Velho', 'RN');
INSERT INTO cidade (nome, uf) VALUES ('Pendências', 'RN');
INSERT INTO cidade (nome, uf) VALUES ('Pilões', 'RN');
INSERT INTO cidade (nome, uf) VALUES ('Poço Branco', 'RN');
INSERT INTO cidade (nome, uf) VALUES ('Portalegre', 'RN');
INSERT INTO cidade (nome, uf) VALUES ('Porto do Mangue', 'RN');
INSERT INTO cidade (nome, uf) VALUES ('Presidente Juscelino', 'RN');
INSERT INTO cidade (nome, uf) VALUES ('Pureza', 'RN');
INSERT INTO cidade (nome, uf) VALUES ('Rafael Fernandes', 'RN');
INSERT INTO cidade (nome, uf) VALUES ('Rafael Godeiro', 'RN');
INSERT INTO cidade (nome, uf) VALUES ('Riacho da Cruz', 'RN');
INSERT INTO cidade (nome, uf) VALUES ('Riacho de Santana', 'RN');
INSERT INTO cidade (nome, uf) VALUES ('Riachuelo', 'RN');
INSERT INTO cidade (nome, uf) VALUES ('Rodolfo Fernandes', 'RN');
INSERT INTO cidade (nome, uf) VALUES ('Tibau', 'RN');
INSERT INTO cidade (nome, uf) VALUES ('Ruy Barbosa', 'RN');
INSERT INTO cidade (nome, uf) VALUES ('Santa Cruz', 'RN');
INSERT INTO cidade (nome, uf) VALUES ('Santana do Matos', 'RN');
INSERT INTO cidade (nome, uf) VALUES ('Santana do Seridó', 'RN');
INSERT INTO cidade (nome, uf) VALUES ('Santo Antônio', 'RN');
INSERT INTO cidade (nome, uf) VALUES ('São Bento do Norte', 'RN');
INSERT INTO cidade (nome, uf) VALUES ('São Bento do Trairí', 'RN');
INSERT INTO cidade (nome, uf) VALUES ('São Fernando', 'RN');
INSERT INTO cidade (nome, uf) VALUES ('São Francisco do Oeste', 'RN');
INSERT INTO cidade (nome, uf) VALUES ('São Gonçalo do Amarante', 'RN');
INSERT INTO cidade (nome, uf) VALUES ('São João do Sabugi', 'RN');
INSERT INTO cidade (nome, uf) VALUES ('São José de Mipibu', 'RN');
INSERT INTO cidade (nome, uf) VALUES ('São José do Campestre', 'RN');
INSERT INTO cidade (nome, uf) VALUES ('São José do Seridó', 'RN');
INSERT INTO cidade (nome, uf) VALUES ('São Miguel', 'RN');
INSERT INTO cidade (nome, uf) VALUES ('São Miguel do Gostoso', 'RN');
INSERT INTO cidade (nome, uf) VALUES ('São Paulo do Potengi', 'RN');
INSERT INTO cidade (nome, uf) VALUES ('São Pedro', 'RN');
INSERT INTO cidade (nome, uf) VALUES ('São Rafael', 'RN');
INSERT INTO cidade (nome, uf) VALUES ('São Tomé', 'RN');
INSERT INTO cidade (nome, uf) VALUES ('São Vicente', 'RN');
INSERT INTO cidade (nome, uf) VALUES ('Senador Elói de Souza', 'RN');
INSERT INTO cidade (nome, uf) VALUES ('Senador Georgino Avelino', 'RN');
INSERT INTO cidade (nome, uf) VALUES ('Serra de São Bento', 'RN');
INSERT INTO cidade (nome, uf) VALUES ('Serra do Mel', 'RN');
INSERT INTO cidade (nome, uf) VALUES ('Serra Negra do Norte', 'RN');
INSERT INTO cidade (nome, uf) VALUES ('Serrinha', 'RN');
INSERT INTO cidade (nome, uf) VALUES ('Serrinha dos Pintos', 'RN');
INSERT INTO cidade (nome, uf) VALUES ('Severiano Melo', 'RN');
INSERT INTO cidade (nome, uf) VALUES ('Sítio Novo', 'RN');
INSERT INTO cidade (nome, uf) VALUES ('Taboleiro Grande', 'RN');
INSERT INTO cidade (nome, uf) VALUES ('Taipu', 'RN');
INSERT INTO cidade (nome, uf) VALUES ('Tangará', 'RN');
INSERT INTO cidade (nome, uf) VALUES ('Tenente Ananias', 'RN');
INSERT INTO cidade (nome, uf) VALUES ('Tenente Laurentino Cruz', 'RN');
INSERT INTO cidade (nome, uf) VALUES ('Tibau do Sul', 'RN');
INSERT INTO cidade (nome, uf) VALUES ('Timbaúba dos Batistas', 'RN');
INSERT INTO cidade (nome, uf) VALUES ('Touros', 'RN');
INSERT INTO cidade (nome, uf) VALUES ('Triunfo Potiguar', 'RN');
INSERT INTO cidade (nome, uf) VALUES ('Umarizal', 'RN');
INSERT INTO cidade (nome, uf) VALUES ('Upanema', 'RN');
INSERT INTO cidade (nome, uf) VALUES ('Várzea', 'RN');
INSERT INTO cidade (nome, uf) VALUES ('Venha-Ver', 'RN');
INSERT INTO cidade (nome, uf) VALUES ('Vera Cruz', 'RN');
INSERT INTO cidade (nome, uf) VALUES ('Viçosa', 'RN');
INSERT INTO cidade (nome, uf) VALUES ('Vila Flor', 'RN');
INSERT INTO cidade (nome, uf) VALUES ('Lagoa do Ouro', 'PE');
INSERT INTO cidade (nome, uf) VALUES ('Lagoa dos Gatos', 'PE');
INSERT INTO cidade (nome, uf) VALUES ('Lagoa Grande', 'PE');
INSERT INTO cidade (nome, uf) VALUES ('Lajedo', 'PE');
INSERT INTO cidade (nome, uf) VALUES ('Limoeiro', 'PE');
INSERT INTO cidade (nome, uf) VALUES ('Macaparana', 'PE');
INSERT INTO cidade (nome, uf) VALUES ('Machados', 'PE');
INSERT INTO cidade (nome, uf) VALUES ('Manari', 'PE');
INSERT INTO cidade (nome, uf) VALUES ('Maraial', 'PE');
INSERT INTO cidade (nome, uf) VALUES ('Mirandiba', 'PE');
INSERT INTO cidade (nome, uf) VALUES ('Moreno', 'PE');
INSERT INTO cidade (nome, uf) VALUES ('Nazaré da Mata', 'PE');
INSERT INTO cidade (nome, uf) VALUES ('Olinda', 'PE');
INSERT INTO cidade (nome, uf) VALUES ('Orobó', 'PE');
INSERT INTO cidade (nome, uf) VALUES ('Orocó', 'PE');
INSERT INTO cidade (nome, uf) VALUES ('Ouricuri', 'PE');
INSERT INTO cidade (nome, uf) VALUES ('Palmares', 'PE');
INSERT INTO cidade (nome, uf) VALUES ('Palmeirina', 'PE');
INSERT INTO cidade (nome, uf) VALUES ('Panelas', 'PE');
INSERT INTO cidade (nome, uf) VALUES ('Paranatama', 'PE');
INSERT INTO cidade (nome, uf) VALUES ('Parnamirim', 'PE');
INSERT INTO cidade (nome, uf) VALUES ('Passira', 'PE');
INSERT INTO cidade (nome, uf) VALUES ('Paudalho', 'PE');
INSERT INTO cidade (nome, uf) VALUES ('Paulista', 'PE');
INSERT INTO cidade (nome, uf) VALUES ('Pedra', 'PE');
INSERT INTO cidade (nome, uf) VALUES ('Pesqueira', 'PE');
INSERT INTO cidade (nome, uf) VALUES ('Petrolândia', 'PE');
INSERT INTO cidade (nome, uf) VALUES ('Petrolina', 'PE');
INSERT INTO cidade (nome, uf) VALUES ('Poção', 'PE');
INSERT INTO cidade (nome, uf) VALUES ('Pombos', 'PE');
INSERT INTO cidade (nome, uf) VALUES ('Primavera', 'PE');
INSERT INTO cidade (nome, uf) VALUES ('Quipapá', 'PE');
INSERT INTO cidade (nome, uf) VALUES ('Quixaba', 'PE');
INSERT INTO cidade (nome, uf) VALUES ('Recife', 'PE');
INSERT INTO cidade (nome, uf) VALUES ('Riacho das Almas', 'PE');
INSERT INTO cidade (nome, uf) VALUES ('Ribeirão', 'PE');
INSERT INTO cidade (nome, uf) VALUES ('Rio Formoso', 'PE');
INSERT INTO cidade (nome, uf) VALUES ('Sairé', 'PE');
INSERT INTO cidade (nome, uf) VALUES ('Salgadinho', 'PE');
INSERT INTO cidade (nome, uf) VALUES ('Salgueiro', 'PE');
INSERT INTO cidade (nome, uf) VALUES ('Saloá', 'PE');
INSERT INTO cidade (nome, uf) VALUES ('Sanharó', 'PE');
INSERT INTO cidade (nome, uf) VALUES ('Santa Cruz', 'PE');
INSERT INTO cidade (nome, uf) VALUES ('Santa Cruz da Baixa Verde', 'PE');
INSERT INTO cidade (nome, uf) VALUES ('Santa Cruz do Capibaribe', 'PE');
INSERT INTO cidade (nome, uf) VALUES ('Santa Filomena', 'PE');
INSERT INTO cidade (nome, uf) VALUES ('Santa Maria da Boa Vista', 'PE');
INSERT INTO cidade (nome, uf) VALUES ('Santa Maria do Cambucá', 'PE');
INSERT INTO cidade (nome, uf) VALUES ('Santa Terezinha', 'PE');
INSERT INTO cidade (nome, uf) VALUES ('São Benedito do Sul', 'PE');
INSERT INTO cidade (nome, uf) VALUES ('São Bento do Una', 'PE');
INSERT INTO cidade (nome, uf) VALUES ('São Caitano', 'PE');
INSERT INTO cidade (nome, uf) VALUES ('São João', 'PE');
INSERT INTO cidade (nome, uf) VALUES ('São Joaquim do Monte', 'PE');
INSERT INTO cidade (nome, uf) VALUES ('São José da Coroa Grande', 'PE');
INSERT INTO cidade (nome, uf) VALUES ('São José do Belmonte', 'PE');
INSERT INTO cidade (nome, uf) VALUES ('São José do Egito', 'PE');
INSERT INTO cidade (nome, uf) VALUES ('São Lourenço da Mata', 'PE');
INSERT INTO cidade (nome, uf) VALUES ('São Vicente Ferrer', 'PE');
INSERT INTO cidade (nome, uf) VALUES ('Serra Talhada', 'PE');
INSERT INTO cidade (nome, uf) VALUES ('Serrita', 'PE');
INSERT INTO cidade (nome, uf) VALUES ('Sertânia', 'PE');
INSERT INTO cidade (nome, uf) VALUES ('Sirinhaém', 'PE');
INSERT INTO cidade (nome, uf) VALUES ('Moreilândia', 'PE');
INSERT INTO cidade (nome, uf) VALUES ('Solidão', 'PE');
INSERT INTO cidade (nome, uf) VALUES ('Surubim', 'PE');
INSERT INTO cidade (nome, uf) VALUES ('Tabira', 'PE');
INSERT INTO cidade (nome, uf) VALUES ('Tacaimbó', 'PE');
INSERT INTO cidade (nome, uf) VALUES ('Tacaratu', 'PE');
INSERT INTO cidade (nome, uf) VALUES ('Tamandaré', 'PE');
INSERT INTO cidade (nome, uf) VALUES ('Taquaritinga do Norte', 'PE');
INSERT INTO cidade (nome, uf) VALUES ('Terezinha', 'PE');
INSERT INTO cidade (nome, uf) VALUES ('Terra Nova', 'PE');
INSERT INTO cidade (nome, uf) VALUES ('Timbaúba', 'PE');
INSERT INTO cidade (nome, uf) VALUES ('Toritama', 'PE');
INSERT INTO cidade (nome, uf) VALUES ('Tracunhaém', 'PE');
INSERT INTO cidade (nome, uf) VALUES ('Trindade', 'PE');
INSERT INTO cidade (nome, uf) VALUES ('Triunfo', 'PE');
INSERT INTO cidade (nome, uf) VALUES ('Tupanatinga', 'PE');
INSERT INTO cidade (nome, uf) VALUES ('Tuparetama', 'PE');
INSERT INTO cidade (nome, uf) VALUES ('Venturosa', 'PE');
INSERT INTO cidade (nome, uf) VALUES ('Verdejante', 'PE');
INSERT INTO cidade (nome, uf) VALUES ('Vertente do Lério', 'PE');
INSERT INTO cidade (nome, uf) VALUES ('Vertentes', 'PE');
INSERT INTO cidade (nome, uf) VALUES ('Vicência', 'PE');
INSERT INTO cidade (nome, uf) VALUES ('Vitória de Santo Antão', 'PE');
INSERT INTO cidade (nome, uf) VALUES ('Xexéu', 'PE');
INSERT INTO cidade (nome, uf) VALUES ('Água Branca', 'AL');
INSERT INTO cidade (nome, uf) VALUES ('Anadia', 'AL');
INSERT INTO cidade (nome, uf) VALUES ('Arapiraca', 'AL');
INSERT INTO cidade (nome, uf) VALUES ('Atalaia', 'AL');
INSERT INTO cidade (nome, uf) VALUES ('Barra de Santo Antônio', 'AL');
INSERT INTO cidade (nome, uf) VALUES ('Barra de São Miguel', 'AL');
INSERT INTO cidade (nome, uf) VALUES ('Batalha', 'AL');
INSERT INTO cidade (nome, uf) VALUES ('Belém', 'AL');
INSERT INTO cidade (nome, uf) VALUES ('Belo Monte', 'AL');
INSERT INTO cidade (nome, uf) VALUES ('Boca da Mata', 'AL');
INSERT INTO cidade (nome, uf) VALUES ('Branquinha', 'AL');
INSERT INTO cidade (nome, uf) VALUES ('Cacimbinhas', 'AL');
INSERT INTO cidade (nome, uf) VALUES ('Cajueiro', 'AL');
INSERT INTO cidade (nome, uf) VALUES ('Campestre', 'AL');
INSERT INTO cidade (nome, uf) VALUES ('Campo Alegre', 'AL');
INSERT INTO cidade (nome, uf) VALUES ('Campo Grande', 'AL');
INSERT INTO cidade (nome, uf) VALUES ('Canapi', 'AL');
INSERT INTO cidade (nome, uf) VALUES ('Capela', 'AL');
INSERT INTO cidade (nome, uf) VALUES ('Carneiros', 'AL');
INSERT INTO cidade (nome, uf) VALUES ('Chã Preta', 'AL');
INSERT INTO cidade (nome, uf) VALUES ('Coité do Nóia', 'AL');
INSERT INTO cidade (nome, uf) VALUES ('Colônia Leopoldina', 'AL');
INSERT INTO cidade (nome, uf) VALUES ('Coqueiro Seco', 'AL');
INSERT INTO cidade (nome, uf) VALUES ('Coruripe', 'AL');
INSERT INTO cidade (nome, uf) VALUES ('Craíbas', 'AL');
INSERT INTO cidade (nome, uf) VALUES ('Delmiro Gouveia', 'AL');
INSERT INTO cidade (nome, uf) VALUES ('Dois Riachos', 'AL');
INSERT INTO cidade (nome, uf) VALUES ('Estrela de Alagoas', 'AL');
INSERT INTO cidade (nome, uf) VALUES ('Feira Grande', 'AL');
INSERT INTO cidade (nome, uf) VALUES ('Feliz Deserto', 'AL');
INSERT INTO cidade (nome, uf) VALUES ('Flexeiras', 'AL');
INSERT INTO cidade (nome, uf) VALUES ('Girau do Ponciano', 'AL');
INSERT INTO cidade (nome, uf) VALUES ('Ibateguara', 'AL');
INSERT INTO cidade (nome, uf) VALUES ('Igaci', 'AL');
INSERT INTO cidade (nome, uf) VALUES ('Igreja Nova', 'AL');
INSERT INTO cidade (nome, uf) VALUES ('Inhapi', 'AL');
INSERT INTO cidade (nome, uf) VALUES ('Jacaré dos Homens', 'AL');
INSERT INTO cidade (nome, uf) VALUES ('Jacuípe', 'AL');
INSERT INTO cidade (nome, uf) VALUES ('Japaratinga', 'AL');
INSERT INTO cidade (nome, uf) VALUES ('Jaramataia', 'AL');
INSERT INTO cidade (nome, uf) VALUES ('Jequiá da Praia', 'AL');
INSERT INTO cidade (nome, uf) VALUES ('Joaquim Gomes', 'AL');
INSERT INTO cidade (nome, uf) VALUES ('Jundiá', 'AL');
INSERT INTO cidade (nome, uf) VALUES ('Junqueiro', 'AL');
INSERT INTO cidade (nome, uf) VALUES ('Lagoa da Canoa', 'AL');
INSERT INTO cidade (nome, uf) VALUES ('Limoeiro de Anadia', 'AL');
INSERT INTO cidade (nome, uf) VALUES ('Maceió', 'AL');
INSERT INTO cidade (nome, uf) VALUES ('Major Isidoro', 'AL');
INSERT INTO cidade (nome, uf) VALUES ('Maragogi', 'AL');
INSERT INTO cidade (nome, uf) VALUES ('Maravilha', 'AL');
INSERT INTO cidade (nome, uf) VALUES ('Marechal Deodoro', 'AL');
INSERT INTO cidade (nome, uf) VALUES ('Maribondo', 'AL');
INSERT INTO cidade (nome, uf) VALUES ('Mar Vermelho', 'AL');
INSERT INTO cidade (nome, uf) VALUES ('Mata Grande', 'AL');
INSERT INTO cidade (nome, uf) VALUES ('Matriz de Camaragibe', 'AL');
INSERT INTO cidade (nome, uf) VALUES ('Messias', 'AL');
INSERT INTO cidade (nome, uf) VALUES ('Minador do Negrão', 'AL');
INSERT INTO cidade (nome, uf) VALUES ('Monteirópolis', 'AL');
INSERT INTO cidade (nome, uf) VALUES ('Murici', 'AL');
INSERT INTO cidade (nome, uf) VALUES ('Novo Lino', 'AL');
INSERT INTO cidade (nome, uf) VALUES ('Olho D''Água das Flores', 'AL');
INSERT INTO cidade (nome, uf) VALUES ('Olho D''Água do Casado', 'AL');
INSERT INTO cidade (nome, uf) VALUES ('Olho D''Água Grande', 'AL');
INSERT INTO cidade (nome, uf) VALUES ('Olivença', 'AL');
INSERT INTO cidade (nome, uf) VALUES ('Ouro Branco', 'AL');
INSERT INTO cidade (nome, uf) VALUES ('Palestina', 'AL');
INSERT INTO cidade (nome, uf) VALUES ('Palmeira dos Índios', 'AL');
INSERT INTO cidade (nome, uf) VALUES ('Pão de Açúcar', 'AL');
INSERT INTO cidade (nome, uf) VALUES ('Pariconha', 'AL');
INSERT INTO cidade (nome, uf) VALUES ('Paripueira', 'AL');
INSERT INTO cidade (nome, uf) VALUES ('Passo de Camaragibe', 'AL');
INSERT INTO cidade (nome, uf) VALUES ('Paulo Jacinto', 'AL');
INSERT INTO cidade (nome, uf) VALUES ('Penedo', 'AL');
INSERT INTO cidade (nome, uf) VALUES ('Piaçabuçu', 'AL');
INSERT INTO cidade (nome, uf) VALUES ('Pilar', 'AL');
INSERT INTO cidade (nome, uf) VALUES ('Pindoba', 'AL');
INSERT INTO cidade (nome, uf) VALUES ('Piranhas', 'AL');
INSERT INTO cidade (nome, uf) VALUES ('Poço das Trincheiras', 'AL');
INSERT INTO cidade (nome, uf) VALUES ('Porto Calvo', 'AL');
INSERT INTO cidade (nome, uf) VALUES ('Porto de Pedras', 'AL');
INSERT INTO cidade (nome, uf) VALUES ('Porto Real do Colégio', 'AL');
INSERT INTO cidade (nome, uf) VALUES ('Quebrangulo', 'AL');
INSERT INTO cidade (nome, uf) VALUES ('Rio Largo', 'AL');
INSERT INTO cidade (nome, uf) VALUES ('Roteiro', 'AL');
INSERT INTO cidade (nome, uf) VALUES ('Santa Luzia do Norte', 'AL');
INSERT INTO cidade (nome, uf) VALUES ('Santana do Ipanema', 'AL');
INSERT INTO cidade (nome, uf) VALUES ('Santana do Mundaú', 'AL');
INSERT INTO cidade (nome, uf) VALUES ('São Brás', 'AL');
INSERT INTO cidade (nome, uf) VALUES ('São José da Laje', 'AL');
INSERT INTO cidade (nome, uf) VALUES ('São José da Tapera', 'AL');
INSERT INTO cidade (nome, uf) VALUES ('São Luís do Quitunde', 'AL');
INSERT INTO cidade (nome, uf) VALUES ('São Miguel dos Campos', 'AL');
INSERT INTO cidade (nome, uf) VALUES ('São Miguel dos Milagres', 'AL');
INSERT INTO cidade (nome, uf) VALUES ('São Sebastião', 'AL');
INSERT INTO cidade (nome, uf) VALUES ('Satuba', 'AL');
INSERT INTO cidade (nome, uf) VALUES ('Senador Rui Palmeira', 'AL');
INSERT INTO cidade (nome, uf) VALUES ('Tanque D''Arca', 'AL');
INSERT INTO cidade (nome, uf) VALUES ('Taquarana', 'AL');
INSERT INTO cidade (nome, uf) VALUES ('Teotônio Vilela', 'AL');
INSERT INTO cidade (nome, uf) VALUES ('Traipu', 'AL');
INSERT INTO cidade (nome, uf) VALUES ('União dos Palmares', 'AL');
INSERT INTO cidade (nome, uf) VALUES ('Viçosa', 'AL');
INSERT INTO cidade (nome, uf) VALUES ('Amparo de São Francisco', 'SE');
INSERT INTO cidade (nome, uf) VALUES ('Aquidabã', 'SE');
INSERT INTO cidade (nome, uf) VALUES ('Aracaju', 'SE');
INSERT INTO cidade (nome, uf) VALUES ('Arauá', 'SE');
INSERT INTO cidade (nome, uf) VALUES ('Areia Branca', 'SE');
INSERT INTO cidade (nome, uf) VALUES ('Barra dos Coqueiros', 'SE');
INSERT INTO cidade (nome, uf) VALUES ('Boquim', 'SE');
INSERT INTO cidade (nome, uf) VALUES ('Brejo Grande', 'SE');
INSERT INTO cidade (nome, uf) VALUES ('Campo do Brito', 'SE');
INSERT INTO cidade (nome, uf) VALUES ('Canhoba', 'SE');
INSERT INTO cidade (nome, uf) VALUES ('Canindé de São Francisco', 'SE');
INSERT INTO cidade (nome, uf) VALUES ('Capela', 'SE');
INSERT INTO cidade (nome, uf) VALUES ('Carira', 'SE');
INSERT INTO cidade (nome, uf) VALUES ('Carmópolis', 'SE');
INSERT INTO cidade (nome, uf) VALUES ('Cedro de São João', 'SE');
INSERT INTO cidade (nome, uf) VALUES ('Cristinápolis', 'SE');
INSERT INTO cidade (nome, uf) VALUES ('Cumbe', 'SE');
INSERT INTO cidade (nome, uf) VALUES ('Divina Pastora', 'SE');
INSERT INTO cidade (nome, uf) VALUES ('Estância', 'SE');
INSERT INTO cidade (nome, uf) VALUES ('Feira Nova', 'SE');
INSERT INTO cidade (nome, uf) VALUES ('Frei Paulo', 'SE');
INSERT INTO cidade (nome, uf) VALUES ('Gararu', 'SE');
INSERT INTO cidade (nome, uf) VALUES ('General Maynard', 'SE');
INSERT INTO cidade (nome, uf) VALUES ('Gracho Cardoso', 'SE');
INSERT INTO cidade (nome, uf) VALUES ('Ilha das Flores', 'SE');
INSERT INTO cidade (nome, uf) VALUES ('Indiaroba', 'SE');
INSERT INTO cidade (nome, uf) VALUES ('Itabaiana', 'SE');
INSERT INTO cidade (nome, uf) VALUES ('Itabaianinha', 'SE');
INSERT INTO cidade (nome, uf) VALUES ('Itabi', 'SE');
INSERT INTO cidade (nome, uf) VALUES ('Itaporanga D''Ajuda', 'SE');
INSERT INTO cidade (nome, uf) VALUES ('Japaratuba', 'SE');
INSERT INTO cidade (nome, uf) VALUES ('Japoatã', 'SE');
INSERT INTO cidade (nome, uf) VALUES ('Lagarto', 'SE');
INSERT INTO cidade (nome, uf) VALUES ('Laranjeiras', 'SE');
INSERT INTO cidade (nome, uf) VALUES ('Macambira', 'SE');
INSERT INTO cidade (nome, uf) VALUES ('Malhada dos Bois', 'SE');
INSERT INTO cidade (nome, uf) VALUES ('Malhador', 'SE');
INSERT INTO cidade (nome, uf) VALUES ('Maruim', 'SE');
INSERT INTO cidade (nome, uf) VALUES ('Moita Bonita', 'SE');
INSERT INTO cidade (nome, uf) VALUES ('Monte Alegre de Sergipe', 'SE');
INSERT INTO cidade (nome, uf) VALUES ('Muribeca', 'SE');
INSERT INTO cidade (nome, uf) VALUES ('Neópolis', 'SE');
INSERT INTO cidade (nome, uf) VALUES ('Nossa Senhora Aparecida', 'SE');
INSERT INTO cidade (nome, uf) VALUES ('Nossa Senhora da Glória', 'SE');
INSERT INTO cidade (nome, uf) VALUES ('Nossa Senhora das Dores', 'SE');
INSERT INTO cidade (nome, uf) VALUES ('Nossa Senhora de Lourdes', 'SE');
INSERT INTO cidade (nome, uf) VALUES ('Nossa Senhora do Socorro', 'SE');
INSERT INTO cidade (nome, uf) VALUES ('Pacatuba', 'SE');
INSERT INTO cidade (nome, uf) VALUES ('Pedra Mole', 'SE');
INSERT INTO cidade (nome, uf) VALUES ('Pedrinhas', 'SE');
INSERT INTO cidade (nome, uf) VALUES ('Pinhão', 'SE');
INSERT INTO cidade (nome, uf) VALUES ('Pirambu', 'SE');
INSERT INTO cidade (nome, uf) VALUES ('Poço Redondo', 'SE');
INSERT INTO cidade (nome, uf) VALUES ('Poço Verde', 'SE');
INSERT INTO cidade (nome, uf) VALUES ('Porto da Folha', 'SE');
INSERT INTO cidade (nome, uf) VALUES ('Propriá', 'SE');
INSERT INTO cidade (nome, uf) VALUES ('Riachão do Dantas', 'SE');
INSERT INTO cidade (nome, uf) VALUES ('Riachuelo', 'SE');
INSERT INTO cidade (nome, uf) VALUES ('Ribeirópolis', 'SE');
INSERT INTO cidade (nome, uf) VALUES ('Rosário do Catete', 'SE');
INSERT INTO cidade (nome, uf) VALUES ('Salgado', 'SE');
INSERT INTO cidade (nome, uf) VALUES ('Santa Luzia do Itanhy', 'SE');
INSERT INTO cidade (nome, uf) VALUES ('Santana do São Francisco', 'SE');
INSERT INTO cidade (nome, uf) VALUES ('Santa Rosa de Lima', 'SE');
INSERT INTO cidade (nome, uf) VALUES ('Santo Amaro das Brotas', 'SE');
INSERT INTO cidade (nome, uf) VALUES ('São Cristóvão', 'SE');
INSERT INTO cidade (nome, uf) VALUES ('São Domingos', 'SE');
INSERT INTO cidade (nome, uf) VALUES ('São Francisco', 'SE');
INSERT INTO cidade (nome, uf) VALUES ('São Miguel do Aleixo', 'SE');
INSERT INTO cidade (nome, uf) VALUES ('Simão Dias', 'SE');
INSERT INTO cidade (nome, uf) VALUES ('Siriri', 'SE');
INSERT INTO cidade (nome, uf) VALUES ('Telha', 'SE');
INSERT INTO cidade (nome, uf) VALUES ('Tobias Barreto', 'SE');
INSERT INTO cidade (nome, uf) VALUES ('Tomar do Geru', 'SE');
INSERT INTO cidade (nome, uf) VALUES ('Umbaúba', 'SE');
INSERT INTO cidade (nome, uf) VALUES ('Novo Horizonte', 'BA');
INSERT INTO cidade (nome, uf) VALUES ('Novo Triunfo', 'BA');
INSERT INTO cidade (nome, uf) VALUES ('Olindina', 'BA');
INSERT INTO cidade (nome, uf) VALUES ('Oliveira dos Brejinhos', 'BA');
INSERT INTO cidade (nome, uf) VALUES ('Ouriçangas', 'BA');
INSERT INTO cidade (nome, uf) VALUES ('Ourolândia', 'BA');
INSERT INTO cidade (nome, uf) VALUES ('Palmas de Monte Alto', 'BA');
INSERT INTO cidade (nome, uf) VALUES ('Palmeiras', 'BA');
INSERT INTO cidade (nome, uf) VALUES ('Paramirim', 'BA');
INSERT INTO cidade (nome, uf) VALUES ('Paratinga', 'BA');
INSERT INTO cidade (nome, uf) VALUES ('Paripiranga', 'BA');
INSERT INTO cidade (nome, uf) VALUES ('Pau Brasil', 'BA');
INSERT INTO cidade (nome, uf) VALUES ('Paulo Afonso', 'BA');
INSERT INTO cidade (nome, uf) VALUES ('Pé de Serra', 'BA');
INSERT INTO cidade (nome, uf) VALUES ('Pedrão', 'BA');
INSERT INTO cidade (nome, uf) VALUES ('Pedro Alexandre', 'BA');
INSERT INTO cidade (nome, uf) VALUES ('Piatã', 'BA');
INSERT INTO cidade (nome, uf) VALUES ('Pilão Arcado', 'BA');
INSERT INTO cidade (nome, uf) VALUES ('Pindaí', 'BA');
INSERT INTO cidade (nome, uf) VALUES ('Pindobaçu', 'BA');
INSERT INTO cidade (nome, uf) VALUES ('Pintadas', 'BA');
INSERT INTO cidade (nome, uf) VALUES ('Piraí do Norte', 'BA');
INSERT INTO cidade (nome, uf) VALUES ('Piripá', 'BA');
INSERT INTO cidade (nome, uf) VALUES ('Piritiba', 'BA');
INSERT INTO cidade (nome, uf) VALUES ('Planaltino', 'BA');
INSERT INTO cidade (nome, uf) VALUES ('Planalto', 'BA');
INSERT INTO cidade (nome, uf) VALUES ('Poções', 'BA');
INSERT INTO cidade (nome, uf) VALUES ('Pojuca', 'BA');
INSERT INTO cidade (nome, uf) VALUES ('Ponto Novo', 'BA');
INSERT INTO cidade (nome, uf) VALUES ('Porto Seguro', 'BA');
INSERT INTO cidade (nome, uf) VALUES ('Potiraguá', 'BA');
INSERT INTO cidade (nome, uf) VALUES ('Prado', 'BA');
INSERT INTO cidade (nome, uf) VALUES ('Presidente Dutra', 'BA');
INSERT INTO cidade (nome, uf) VALUES ('Presidente Jânio Quadros', 'BA');
INSERT INTO cidade (nome, uf) VALUES ('Presidente Tancredo Neves', 'BA');
INSERT INTO cidade (nome, uf) VALUES ('Queimadas', 'BA');
INSERT INTO cidade (nome, uf) VALUES ('Quijingue', 'BA');
INSERT INTO cidade (nome, uf) VALUES ('Quixabeira', 'BA');
INSERT INTO cidade (nome, uf) VALUES ('Rafael Jambeiro', 'BA');
INSERT INTO cidade (nome, uf) VALUES ('Remanso', 'BA');
INSERT INTO cidade (nome, uf) VALUES ('Retirolândia', 'BA');
INSERT INTO cidade (nome, uf) VALUES ('Riachão das Neves', 'BA');
INSERT INTO cidade (nome, uf) VALUES ('Riachão do Jacuípe', 'BA');
INSERT INTO cidade (nome, uf) VALUES ('Riacho de Santana', 'BA');
INSERT INTO cidade (nome, uf) VALUES ('Ribeira do Amparo', 'BA');
INSERT INTO cidade (nome, uf) VALUES ('Ribeira do Pombal', 'BA');
INSERT INTO cidade (nome, uf) VALUES ('Ribeirão do Largo', 'BA');
INSERT INTO cidade (nome, uf) VALUES ('Rio de Contas', 'BA');
INSERT INTO cidade (nome, uf) VALUES ('Rio do Antônio', 'BA');
INSERT INTO cidade (nome, uf) VALUES ('Rio do Pires', 'BA');
INSERT INTO cidade (nome, uf) VALUES ('Rio Real', 'BA');
INSERT INTO cidade (nome, uf) VALUES ('Rodelas', 'BA');
INSERT INTO cidade (nome, uf) VALUES ('Ruy Barbosa', 'BA');
INSERT INTO cidade (nome, uf) VALUES ('Salinas da Margarida', 'BA');
INSERT INTO cidade (nome, uf) VALUES ('Salvador', 'BA');
INSERT INTO cidade (nome, uf) VALUES ('Santa Bárbara', 'BA');
INSERT INTO cidade (nome, uf) VALUES ('Santa Brígida', 'BA');
INSERT INTO cidade (nome, uf) VALUES ('Santa Cruz Cabrália', 'BA');
INSERT INTO cidade (nome, uf) VALUES ('Santa Cruz da Vitória', 'BA');
INSERT INTO cidade (nome, uf) VALUES ('Santa Inês', 'BA');
INSERT INTO cidade (nome, uf) VALUES ('Santaluz', 'BA');
INSERT INTO cidade (nome, uf) VALUES ('Santa Luzia', 'BA');
INSERT INTO cidade (nome, uf) VALUES ('Santa Maria da Vitória', 'BA');
INSERT INTO cidade (nome, uf) VALUES ('Santana', 'BA');
INSERT INTO cidade (nome, uf) VALUES ('Santanópolis', 'BA');
INSERT INTO cidade (nome, uf) VALUES ('Santa Rita de Cássia', 'BA');
INSERT INTO cidade (nome, uf) VALUES ('Santa Teresinha', 'BA');
INSERT INTO cidade (nome, uf) VALUES ('Santo Amaro', 'BA');
INSERT INTO cidade (nome, uf) VALUES ('Santo Antônio de Jesus', 'BA');
INSERT INTO cidade (nome, uf) VALUES ('Santo Estêvão', 'BA');
INSERT INTO cidade (nome, uf) VALUES ('São Desidério', 'BA');
INSERT INTO cidade (nome, uf) VALUES ('São Domingos', 'BA');
INSERT INTO cidade (nome, uf) VALUES ('São Félix', 'BA');
INSERT INTO cidade (nome, uf) VALUES ('São Félix do Coribe', 'BA');
INSERT INTO cidade (nome, uf) VALUES ('São Felipe', 'BA');
INSERT INTO cidade (nome, uf) VALUES ('São Francisco do Conde', 'BA');
INSERT INTO cidade (nome, uf) VALUES ('São Gabriel', 'BA');
INSERT INTO cidade (nome, uf) VALUES ('São Gonçalo dos Campos', 'BA');
INSERT INTO cidade (nome, uf) VALUES ('São José da Vitória', 'BA');
INSERT INTO cidade (nome, uf) VALUES ('São José do Jacuípe', 'BA');
INSERT INTO cidade (nome, uf) VALUES ('São Miguel das Matas', 'BA');
INSERT INTO cidade (nome, uf) VALUES ('São Sebastião do Passé', 'BA');
INSERT INTO cidade (nome, uf) VALUES ('Sapeaçu', 'BA');
INSERT INTO cidade (nome, uf) VALUES ('Sátiro Dias', 'BA');
INSERT INTO cidade (nome, uf) VALUES ('Saubara', 'BA');
INSERT INTO cidade (nome, uf) VALUES ('Saúde', 'BA');
INSERT INTO cidade (nome, uf) VALUES ('Seabra', 'BA');
INSERT INTO cidade (nome, uf) VALUES ('Sebastião Laranjeiras', 'BA');
INSERT INTO cidade (nome, uf) VALUES ('Senhor do Bonfim', 'BA');
INSERT INTO cidade (nome, uf) VALUES ('Serra do Ramalho', 'BA');
INSERT INTO cidade (nome, uf) VALUES ('Sento Sé', 'BA');
INSERT INTO cidade (nome, uf) VALUES ('Serra Dourada', 'BA');
INSERT INTO cidade (nome, uf) VALUES ('Serra Preta', 'BA');
INSERT INTO cidade (nome, uf) VALUES ('Serrinha', 'BA');
INSERT INTO cidade (nome, uf) VALUES ('Serrolândia', 'BA');
INSERT INTO cidade (nome, uf) VALUES ('Simões Filho', 'BA');
INSERT INTO cidade (nome, uf) VALUES ('Sítio do Mato', 'BA');
INSERT INTO cidade (nome, uf) VALUES ('Sítio do Quinto', 'BA');
INSERT INTO cidade (nome, uf) VALUES ('Sobradinho', 'BA');
INSERT INTO cidade (nome, uf) VALUES ('Souto Soares', 'BA');
INSERT INTO cidade (nome, uf) VALUES ('Tabocas do Brejo Velho', 'BA');
INSERT INTO cidade (nome, uf) VALUES ('Tanhaçu', 'BA');
INSERT INTO cidade (nome, uf) VALUES ('Tanque Novo', 'BA');
INSERT INTO cidade (nome, uf) VALUES ('Tanquinho', 'BA');
INSERT INTO cidade (nome, uf) VALUES ('Taperoá', 'BA');
INSERT INTO cidade (nome, uf) VALUES ('Tapiramutá', 'BA');
INSERT INTO cidade (nome, uf) VALUES ('Teixeira de Freitas', 'BA');
INSERT INTO cidade (nome, uf) VALUES ('Teodoro Sampaio', 'BA');
INSERT INTO cidade (nome, uf) VALUES ('Teofilândia', 'BA');
INSERT INTO cidade (nome, uf) VALUES ('Teolândia', 'BA');
INSERT INTO cidade (nome, uf) VALUES ('Terra Nova', 'BA');
INSERT INTO cidade (nome, uf) VALUES ('Tremedal', 'BA');
INSERT INTO cidade (nome, uf) VALUES ('Tucano', 'BA');
INSERT INTO cidade (nome, uf) VALUES ('Uauá', 'BA');
INSERT INTO cidade (nome, uf) VALUES ('Ubaíra', 'BA');
INSERT INTO cidade (nome, uf) VALUES ('Ubaitaba', 'BA');
INSERT INTO cidade (nome, uf) VALUES ('Ubatã', 'BA');
INSERT INTO cidade (nome, uf) VALUES ('Uibaí', 'BA');
INSERT INTO cidade (nome, uf) VALUES ('Umburanas', 'BA');
INSERT INTO cidade (nome, uf) VALUES ('Una', 'BA');
INSERT INTO cidade (nome, uf) VALUES ('Urandi', 'BA');
INSERT INTO cidade (nome, uf) VALUES ('Uruçuca', 'BA');
INSERT INTO cidade (nome, uf) VALUES ('Utinga', 'BA');
INSERT INTO cidade (nome, uf) VALUES ('Valença', 'BA');
INSERT INTO cidade (nome, uf) VALUES ('Valente', 'BA');
INSERT INTO cidade (nome, uf) VALUES ('Várzea da Roça', 'BA');
INSERT INTO cidade (nome, uf) VALUES ('Várzea do Poço', 'BA');
INSERT INTO cidade (nome, uf) VALUES ('Várzea Nova', 'BA');
INSERT INTO cidade (nome, uf) VALUES ('Varzedo', 'BA');
INSERT INTO cidade (nome, uf) VALUES ('Vera Cruz', 'BA');
INSERT INTO cidade (nome, uf) VALUES ('Vereda', 'BA');
INSERT INTO cidade (nome, uf) VALUES ('Vitória da Conquista', 'BA');
INSERT INTO cidade (nome, uf) VALUES ('Wagner', 'BA');
INSERT INTO cidade (nome, uf) VALUES ('Wanderley', 'BA');
INSERT INTO cidade (nome, uf) VALUES ('Wenceslau Guimarães', 'BA');
INSERT INTO cidade (nome, uf) VALUES ('Xique-Xique', 'BA');
INSERT INTO cidade (nome, uf) VALUES ('Riacho dos Machados', 'MG');
INSERT INTO cidade (nome, uf) VALUES ('Ribeirão das Neves', 'MG');
INSERT INTO cidade (nome, uf) VALUES ('Ribeirão Vermelho', 'MG');
INSERT INTO cidade (nome, uf) VALUES ('Rio Acima', 'MG');
INSERT INTO cidade (nome, uf) VALUES ('Rio Casca', 'MG');
INSERT INTO cidade (nome, uf) VALUES ('Rio Doce', 'MG');
INSERT INTO cidade (nome, uf) VALUES ('Rio do Prado', 'MG');
INSERT INTO cidade (nome, uf) VALUES ('Rio Espera', 'MG');
INSERT INTO cidade (nome, uf) VALUES ('Rio Manso', 'MG');
INSERT INTO cidade (nome, uf) VALUES ('Rio Novo', 'MG');
INSERT INTO cidade (nome, uf) VALUES ('Rio Paranaíba', 'MG');
INSERT INTO cidade (nome, uf) VALUES ('Rio Pardo de Minas', 'MG');
INSERT INTO cidade (nome, uf) VALUES ('Rio Piracicaba', 'MG');
INSERT INTO cidade (nome, uf) VALUES ('Rio Pomba', 'MG');
INSERT INTO cidade (nome, uf) VALUES ('Rio Preto', 'MG');
INSERT INTO cidade (nome, uf) VALUES ('Rio Vermelho', 'MG');
INSERT INTO cidade (nome, uf) VALUES ('Ritápolis', 'MG');
INSERT INTO cidade (nome, uf) VALUES ('Rochedo de Minas', 'MG');
INSERT INTO cidade (nome, uf) VALUES ('Rodeiro', 'MG');
INSERT INTO cidade (nome, uf) VALUES ('Romaria', 'MG');
INSERT INTO cidade (nome, uf) VALUES ('Rosário da Limeira', 'MG');
INSERT INTO cidade (nome, uf) VALUES ('Rubelita', 'MG');
INSERT INTO cidade (nome, uf) VALUES ('Rubim', 'MG');
INSERT INTO cidade (nome, uf) VALUES ('Sabará', 'MG');
INSERT INTO cidade (nome, uf) VALUES ('Sabinópolis', 'MG');
INSERT INTO cidade (nome, uf) VALUES ('Sacramento', 'MG');
INSERT INTO cidade (nome, uf) VALUES ('Salinas', 'MG');
INSERT INTO cidade (nome, uf) VALUES ('Salto da Divisa', 'MG');
INSERT INTO cidade (nome, uf) VALUES ('Santa Bárbara', 'MG');
INSERT INTO cidade (nome, uf) VALUES ('Santa Bárbara do Leste', 'MG');
INSERT INTO cidade (nome, uf) VALUES ('Santa Bárbara do Monte Verde', 'MG');
INSERT INTO cidade (nome, uf) VALUES ('Santa Bárbara do Tugúrio', 'MG');
INSERT INTO cidade (nome, uf) VALUES ('Santa Cruz de Minas', 'MG');
INSERT INTO cidade (nome, uf) VALUES ('Santa Cruz de Salinas', 'MG');
INSERT INTO cidade (nome, uf) VALUES ('Santa Cruz do Escalvado', 'MG');
INSERT INTO cidade (nome, uf) VALUES ('Santa Efigênia de Minas', 'MG');
INSERT INTO cidade (nome, uf) VALUES ('Santa Fé de Minas', 'MG');
INSERT INTO cidade (nome, uf) VALUES ('Santa Helena de Minas', 'MG');
INSERT INTO cidade (nome, uf) VALUES ('Santa Juliana', 'MG');
INSERT INTO cidade (nome, uf) VALUES ('Santa Luzia', 'MG');
INSERT INTO cidade (nome, uf) VALUES ('Santa Margarida', 'MG');
INSERT INTO cidade (nome, uf) VALUES ('Santa Maria de Itabira', 'MG');
INSERT INTO cidade (nome, uf) VALUES ('Santa Maria do Salto', 'MG');
INSERT INTO cidade (nome, uf) VALUES ('Santa Maria do Suaçuí', 'MG');
INSERT INTO cidade (nome, uf) VALUES ('Santana da Vargem', 'MG');
INSERT INTO cidade (nome, uf) VALUES ('Santana de Cataguases', 'MG');
INSERT INTO cidade (nome, uf) VALUES ('Santana de Pirapama', 'MG');
INSERT INTO cidade (nome, uf) VALUES ('Santana do Deserto', 'MG');
INSERT INTO cidade (nome, uf) VALUES ('Santana do Garambéu', 'MG');
INSERT INTO cidade (nome, uf) VALUES ('Santana do Jacaré', 'MG');
INSERT INTO cidade (nome, uf) VALUES ('Santana do Manhuaçu', 'MG');
INSERT INTO cidade (nome, uf) VALUES ('Santana do Paraíso', 'MG');
INSERT INTO cidade (nome, uf) VALUES ('Santana do Riacho', 'MG');
INSERT INTO cidade (nome, uf) VALUES ('Santana dos Montes', 'MG');
INSERT INTO cidade (nome, uf) VALUES ('Santa Rita de Caldas', 'MG');
INSERT INTO cidade (nome, uf) VALUES ('Santa Rita de Jacutinga', 'MG');
INSERT INTO cidade (nome, uf) VALUES ('Santa Rita de Minas', 'MG');
INSERT INTO cidade (nome, uf) VALUES ('Santa Rita de Ibitipoca', 'MG');
INSERT INTO cidade (nome, uf) VALUES ('Santa Rita do Itueto', 'MG');
INSERT INTO cidade (nome, uf) VALUES ('Santa Rita do Sapucaí', 'MG');
INSERT INTO cidade (nome, uf) VALUES ('Santa Rosa da Serra', 'MG');
INSERT INTO cidade (nome, uf) VALUES ('Santa Vitória', 'MG');
INSERT INTO cidade (nome, uf) VALUES ('Santo Antônio do Amparo', 'MG');
INSERT INTO cidade (nome, uf) VALUES ('Santo Antônio do Aventureiro', 'MG');
INSERT INTO cidade (nome, uf) VALUES ('Santo Antônio do Grama', 'MG');
INSERT INTO cidade (nome, uf) VALUES ('Santo Antônio do Itambé', 'MG');
INSERT INTO cidade (nome, uf) VALUES ('Santo Antônio do Jacinto', 'MG');
INSERT INTO cidade (nome, uf) VALUES ('Santo Antônio do Monte', 'MG');
INSERT INTO cidade (nome, uf) VALUES ('Santo Antônio do Retiro', 'MG');
INSERT INTO cidade (nome, uf) VALUES ('Santo Antônio do Rio Abaixo', 'MG');
INSERT INTO cidade (nome, uf) VALUES ('Santo Hipólito', 'MG');
INSERT INTO cidade (nome, uf) VALUES ('Santos Dumont', 'MG');
INSERT INTO cidade (nome, uf) VALUES ('São Bento Abade', 'MG');
INSERT INTO cidade (nome, uf) VALUES ('São Brás do Suaçuí', 'MG');
INSERT INTO cidade (nome, uf) VALUES ('São Domingos das Dores', 'MG');
INSERT INTO cidade (nome, uf) VALUES ('São Domingos do Prata', 'MG');
INSERT INTO cidade (nome, uf) VALUES ('São Félix de Minas', 'MG');
INSERT INTO cidade (nome, uf) VALUES ('São Francisco', 'MG');
INSERT INTO cidade (nome, uf) VALUES ('São Francisco de Paula', 'MG');
INSERT INTO cidade (nome, uf) VALUES ('São Francisco de Sales', 'MG');
INSERT INTO cidade (nome, uf) VALUES ('São Francisco do Glória', 'MG');
INSERT INTO cidade (nome, uf) VALUES ('São Geraldo', 'MG');
INSERT INTO cidade (nome, uf) VALUES ('São Geraldo da Piedade', 'MG');
INSERT INTO cidade (nome, uf) VALUES ('São Geraldo do Baixio', 'MG');
INSERT INTO cidade (nome, uf) VALUES ('São Gonçalo do Abaeté', 'MG');
INSERT INTO cidade (nome, uf) VALUES ('São Gonçalo do Pará', 'MG');
INSERT INTO cidade (nome, uf) VALUES ('São Gonçalo do Rio Abaixo', 'MG');
INSERT INTO cidade (nome, uf) VALUES ('São Gonçalo do Sapucaí', 'MG');
INSERT INTO cidade (nome, uf) VALUES ('São Gotardo', 'MG');
INSERT INTO cidade (nome, uf) VALUES ('São João Batista do Glória', 'MG');
INSERT INTO cidade (nome, uf) VALUES ('São João da Lagoa', 'MG');
INSERT INTO cidade (nome, uf) VALUES ('São João da Mata', 'MG');
INSERT INTO cidade (nome, uf) VALUES ('São João da Ponte', 'MG');
INSERT INTO cidade (nome, uf) VALUES ('São João das Missões', 'MG');
INSERT INTO cidade (nome, uf) VALUES ('São João del Rei', 'MG');
INSERT INTO cidade (nome, uf) VALUES ('São João do Manhuaçu', 'MG');
INSERT INTO cidade (nome, uf) VALUES ('São João do Manteninha', 'MG');
INSERT INTO cidade (nome, uf) VALUES ('São João do Oriente', 'MG');
INSERT INTO cidade (nome, uf) VALUES ('São João do Pacuí', 'MG');
INSERT INTO cidade (nome, uf) VALUES ('São João do Paraíso', 'MG');
INSERT INTO cidade (nome, uf) VALUES ('São João Evangelista', 'MG');
INSERT INTO cidade (nome, uf) VALUES ('São João Nepomuceno', 'MG');
INSERT INTO cidade (nome, uf) VALUES ('São Joaquim de Bicas', 'MG');
INSERT INTO cidade (nome, uf) VALUES ('São José da Barra', 'MG');
INSERT INTO cidade (nome, uf) VALUES ('São José da Lapa', 'MG');
INSERT INTO cidade (nome, uf) VALUES ('São José da Safira', 'MG');
INSERT INTO cidade (nome, uf) VALUES ('São José da Varginha', 'MG');
INSERT INTO cidade (nome, uf) VALUES ('São José do Alegre', 'MG');
INSERT INTO cidade (nome, uf) VALUES ('São José do Divino', 'MG');
INSERT INTO cidade (nome, uf) VALUES ('São José do Goiabal', 'MG');
INSERT INTO cidade (nome, uf) VALUES ('São José do Jacuri', 'MG');
INSERT INTO cidade (nome, uf) VALUES ('São José do Mantimento', 'MG');
INSERT INTO cidade (nome, uf) VALUES ('São Lourenço', 'MG');
INSERT INTO cidade (nome, uf) VALUES ('São Miguel do Anta', 'MG');
INSERT INTO cidade (nome, uf) VALUES ('São Pedro da União', 'MG');
INSERT INTO cidade (nome, uf) VALUES ('São Pedro dos Ferros', 'MG');
INSERT INTO cidade (nome, uf) VALUES ('São Pedro do Suaçuí', 'MG');
INSERT INTO cidade (nome, uf) VALUES ('São Romão', 'MG');
INSERT INTO cidade (nome, uf) VALUES ('São Roque de Minas', 'MG');
INSERT INTO cidade (nome, uf) VALUES ('São Sebastião da Bela Vista', 'MG');
INSERT INTO cidade (nome, uf) VALUES ('São Sebastião da Vargem Alegre', 'MG');
INSERT INTO cidade (nome, uf) VALUES ('São Sebastião do Anta', 'MG');
INSERT INTO cidade (nome, uf) VALUES ('São Sebastião do Maranhão', 'MG');
INSERT INTO cidade (nome, uf) VALUES ('São Sebastião do Oeste', 'MG');
INSERT INTO cidade (nome, uf) VALUES ('São Sebastião do Paraíso', 'MG');
INSERT INTO cidade (nome, uf) VALUES ('São Sebastião do Rio Preto', 'MG');
INSERT INTO cidade (nome, uf) VALUES ('São Sebastião do Rio Verde', 'MG');
INSERT INTO cidade (nome, uf) VALUES ('São Tiago', 'MG');
INSERT INTO cidade (nome, uf) VALUES ('São Tomás de Aquino', 'MG');
INSERT INTO cidade (nome, uf) VALUES ('São Thomé das Letras', 'MG');
INSERT INTO cidade (nome, uf) VALUES ('São Vicente de Minas', 'MG');
INSERT INTO cidade (nome, uf) VALUES ('Sapucaí-Mirim', 'MG');
INSERT INTO cidade (nome, uf) VALUES ('Sardoá', 'MG');
INSERT INTO cidade (nome, uf) VALUES ('Sarzedo', 'MG');
INSERT INTO cidade (nome, uf) VALUES ('Setubinha', 'MG');
INSERT INTO cidade (nome, uf) VALUES ('Sem-Peixe', 'MG');
INSERT INTO cidade (nome, uf) VALUES ('Senador Amaral', 'MG');
INSERT INTO cidade (nome, uf) VALUES ('Senador Cortes', 'MG');
INSERT INTO cidade (nome, uf) VALUES ('Senador Firmino', 'MG');
INSERT INTO cidade (nome, uf) VALUES ('Senador José Bento', 'MG');
INSERT INTO cidade (nome, uf) VALUES ('Senador Modestino Gonçalves', 'MG');
INSERT INTO cidade (nome, uf) VALUES ('Senhora de Oliveira', 'MG');
INSERT INTO cidade (nome, uf) VALUES ('Senhora do Porto', 'MG');
INSERT INTO cidade (nome, uf) VALUES ('Senhora dos Remédios', 'MG');
INSERT INTO cidade (nome, uf) VALUES ('Sericita', 'MG');
INSERT INTO cidade (nome, uf) VALUES ('Seritinga', 'MG');
INSERT INTO cidade (nome, uf) VALUES ('Serra Azul de Minas', 'MG');
INSERT INTO cidade (nome, uf) VALUES ('Serra da Saudade', 'MG');
INSERT INTO cidade (nome, uf) VALUES ('Serra dos Aimorés', 'MG');
INSERT INTO cidade (nome, uf) VALUES ('Serra do Salitre', 'MG');
INSERT INTO cidade (nome, uf) VALUES ('Serrania', 'MG');
INSERT INTO cidade (nome, uf) VALUES ('Serranópolis de Minas', 'MG');
INSERT INTO cidade (nome, uf) VALUES ('Serranos', 'MG');
INSERT INTO cidade (nome, uf) VALUES ('Serro', 'MG');
INSERT INTO cidade (nome, uf) VALUES ('Sete Lagoas', 'MG');
INSERT INTO cidade (nome, uf) VALUES ('Silveirânia', 'MG');
INSERT INTO cidade (nome, uf) VALUES ('Silvianópolis', 'MG');
INSERT INTO cidade (nome, uf) VALUES ('Simão Pereira', 'MG');
INSERT INTO cidade (nome, uf) VALUES ('Simonésia', 'MG');
INSERT INTO cidade (nome, uf) VALUES ('Sobrália', 'MG');
INSERT INTO cidade (nome, uf) VALUES ('Soledade de Minas', 'MG');
INSERT INTO cidade (nome, uf) VALUES ('Tabuleiro', 'MG');
INSERT INTO cidade (nome, uf) VALUES ('Taiobeiras', 'MG');
INSERT INTO cidade (nome, uf) VALUES ('Taparuba', 'MG');
INSERT INTO cidade (nome, uf) VALUES ('Tapira', 'MG');
INSERT INTO cidade (nome, uf) VALUES ('Tapiraí', 'MG');
INSERT INTO cidade (nome, uf) VALUES ('Taquaraçu de Minas', 'MG');
INSERT INTO cidade (nome, uf) VALUES ('Tarumirim', 'MG');
INSERT INTO cidade (nome, uf) VALUES ('Teixeiras', 'MG');
INSERT INTO cidade (nome, uf) VALUES ('Teófilo Otoni', 'MG');
INSERT INTO cidade (nome, uf) VALUES ('Timóteo', 'MG');
INSERT INTO cidade (nome, uf) VALUES ('Tiradentes', 'MG');
INSERT INTO cidade (nome, uf) VALUES ('Tiros', 'MG');
INSERT INTO cidade (nome, uf) VALUES ('Tocantins', 'MG');
INSERT INTO cidade (nome, uf) VALUES ('Tocos do Moji', 'MG');
INSERT INTO cidade (nome, uf) VALUES ('Toledo', 'MG');
INSERT INTO cidade (nome, uf) VALUES ('Tombos', 'MG');
INSERT INTO cidade (nome, uf) VALUES ('Três Corações', 'MG');
INSERT INTO cidade (nome, uf) VALUES ('Três Marias', 'MG');
INSERT INTO cidade (nome, uf) VALUES ('Três Pontas', 'MG');
INSERT INTO cidade (nome, uf) VALUES ('Tumiritinga', 'MG');
INSERT INTO cidade (nome, uf) VALUES ('Tupaciguara', 'MG');
INSERT INTO cidade (nome, uf) VALUES ('Turmalina', 'MG');
INSERT INTO cidade (nome, uf) VALUES ('Turvolândia', 'MG');
INSERT INTO cidade (nome, uf) VALUES ('Ubá', 'MG');
INSERT INTO cidade (nome, uf) VALUES ('Ubaí', 'MG');
INSERT INTO cidade (nome, uf) VALUES ('Ubaporanga', 'MG');
INSERT INTO cidade (nome, uf) VALUES ('Uberaba', 'MG');
INSERT INTO cidade (nome, uf) VALUES ('Uberlândia', 'MG');
INSERT INTO cidade (nome, uf) VALUES ('Umburatiba', 'MG');
INSERT INTO cidade (nome, uf) VALUES ('Unaí', 'MG');
INSERT INTO cidade (nome, uf) VALUES ('União de Minas', 'MG');
INSERT INTO cidade (nome, uf) VALUES ('Uruana de Minas', 'MG');
INSERT INTO cidade (nome, uf) VALUES ('Urucânia', 'MG');
INSERT INTO cidade (nome, uf) VALUES ('Urucuia', 'MG');
INSERT INTO cidade (nome, uf) VALUES ('Vargem Alegre', 'MG');
INSERT INTO cidade (nome, uf) VALUES ('Vargem Bonita', 'MG');
INSERT INTO cidade (nome, uf) VALUES ('Vargem Grande do Rio Pardo', 'MG');
INSERT INTO cidade (nome, uf) VALUES ('Varginha', 'MG');
INSERT INTO cidade (nome, uf) VALUES ('Varjão de Minas', 'MG');
INSERT INTO cidade (nome, uf) VALUES ('Várzea da Palma', 'MG');
INSERT INTO cidade (nome, uf) VALUES ('Varzelândia', 'MG');
INSERT INTO cidade (nome, uf) VALUES ('Vazante', 'MG');
INSERT INTO cidade (nome, uf) VALUES ('Verdelândia', 'MG');
INSERT INTO cidade (nome, uf) VALUES ('Veredinha', 'MG');
INSERT INTO cidade (nome, uf) VALUES ('Veríssimo', 'MG');
INSERT INTO cidade (nome, uf) VALUES ('Vermelho Novo', 'MG');
INSERT INTO cidade (nome, uf) VALUES ('Vespasiano', 'MG');
INSERT INTO cidade (nome, uf) VALUES ('Viçosa', 'MG');
INSERT INTO cidade (nome, uf) VALUES ('Vieiras', 'MG');
INSERT INTO cidade (nome, uf) VALUES ('Mathias Lobato', 'MG');
INSERT INTO cidade (nome, uf) VALUES ('Virgem da Lapa', 'MG');
INSERT INTO cidade (nome, uf) VALUES ('Virgínia', 'MG');
INSERT INTO cidade (nome, uf) VALUES ('Virginópolis', 'MG');
INSERT INTO cidade (nome, uf) VALUES ('Virgolândia', 'MG');
INSERT INTO cidade (nome, uf) VALUES ('Visconde do Rio Branco', 'MG');
INSERT INTO cidade (nome, uf) VALUES ('Volta Grande', 'MG');
INSERT INTO cidade (nome, uf) VALUES ('Wenceslau Braz', 'MG');
INSERT INTO cidade (nome, uf) VALUES ('Afonso Cláudio', 'ES');
INSERT INTO cidade (nome, uf) VALUES ('Águia Branca', 'ES');
INSERT INTO cidade (nome, uf) VALUES ('Água Doce do Norte', 'ES');
INSERT INTO cidade (nome, uf) VALUES ('Alegre', 'ES');
INSERT INTO cidade (nome, uf) VALUES ('Alfredo Chaves', 'ES');
INSERT INTO cidade (nome, uf) VALUES ('Alto Rio Novo', 'ES');
INSERT INTO cidade (nome, uf) VALUES ('Anchieta', 'ES');
INSERT INTO cidade (nome, uf) VALUES ('Apiacá', 'ES');
INSERT INTO cidade (nome, uf) VALUES ('Aracruz', 'ES');
INSERT INTO cidade (nome, uf) VALUES ('Atilio Vivacqua', 'ES');
INSERT INTO cidade (nome, uf) VALUES ('Baixo Guandu', 'ES');
INSERT INTO cidade (nome, uf) VALUES ('Barra de São Francisco', 'ES');
INSERT INTO cidade (nome, uf) VALUES ('Boa Esperança', 'ES');
INSERT INTO cidade (nome, uf) VALUES ('Bom Jesus do Norte', 'ES');
INSERT INTO cidade (nome, uf) VALUES ('Brejetuba', 'ES');
INSERT INTO cidade (nome, uf) VALUES ('Cachoeiro de Itapemirim', 'ES');
INSERT INTO cidade (nome, uf) VALUES ('Cariacica', 'ES');
INSERT INTO cidade (nome, uf) VALUES ('Castelo', 'ES');
INSERT INTO cidade (nome, uf) VALUES ('Colatina', 'ES');
INSERT INTO cidade (nome, uf) VALUES ('Conceição da Barra', 'ES');
INSERT INTO cidade (nome, uf) VALUES ('Conceição do Castelo', 'ES');
INSERT INTO cidade (nome, uf) VALUES ('Divino de São Lourenço', 'ES');
INSERT INTO cidade (nome, uf) VALUES ('Domingos Martins', 'ES');
INSERT INTO cidade (nome, uf) VALUES ('Dores do Rio Preto', 'ES');
INSERT INTO cidade (nome, uf) VALUES ('Ecoporanga', 'ES');
INSERT INTO cidade (nome, uf) VALUES ('Fundão', 'ES');
INSERT INTO cidade (nome, uf) VALUES ('Governador Lindenberg', 'ES');
INSERT INTO cidade (nome, uf) VALUES ('Guaçuí', 'ES');
INSERT INTO cidade (nome, uf) VALUES ('Guarapari', 'ES');
INSERT INTO cidade (nome, uf) VALUES ('Ibatiba', 'ES');
INSERT INTO cidade (nome, uf) VALUES ('Ibiraçu', 'ES');
INSERT INTO cidade (nome, uf) VALUES ('Ibitirama', 'ES');
INSERT INTO cidade (nome, uf) VALUES ('Iconha', 'ES');
INSERT INTO cidade (nome, uf) VALUES ('Irupi', 'ES');
INSERT INTO cidade (nome, uf) VALUES ('Itaguaçu', 'ES');
INSERT INTO cidade (nome, uf) VALUES ('Itapemirim', 'ES');
INSERT INTO cidade (nome, uf) VALUES ('Itarana', 'ES');
INSERT INTO cidade (nome, uf) VALUES ('Iúna', 'ES');
INSERT INTO cidade (nome, uf) VALUES ('Jaguaré', 'ES');
INSERT INTO cidade (nome, uf) VALUES ('Jerônimo Monteiro', 'ES');
INSERT INTO cidade (nome, uf) VALUES ('João Neiva', 'ES');
INSERT INTO cidade (nome, uf) VALUES ('Laranja da Terra', 'ES');
INSERT INTO cidade (nome, uf) VALUES ('Linhares', 'ES');
INSERT INTO cidade (nome, uf) VALUES ('Mantenópolis', 'ES');
INSERT INTO cidade (nome, uf) VALUES ('Marataízes', 'ES');
INSERT INTO cidade (nome, uf) VALUES ('Marechal Floriano', 'ES');
INSERT INTO cidade (nome, uf) VALUES ('Marilândia', 'ES');
INSERT INTO cidade (nome, uf) VALUES ('Mimoso do Sul', 'ES');
INSERT INTO cidade (nome, uf) VALUES ('Montanha', 'ES');
INSERT INTO cidade (nome, uf) VALUES ('Mucurici', 'ES');
INSERT INTO cidade (nome, uf) VALUES ('Muniz Freire', 'ES');
INSERT INTO cidade (nome, uf) VALUES ('Muqui', 'ES');
INSERT INTO cidade (nome, uf) VALUES ('Nova Venécia', 'ES');
INSERT INTO cidade (nome, uf) VALUES ('Pancas', 'ES');
INSERT INTO cidade (nome, uf) VALUES ('Pedro Canário', 'ES');
INSERT INTO cidade (nome, uf) VALUES ('Pinheiros', 'ES');
INSERT INTO cidade (nome, uf) VALUES ('Piúma', 'ES');
INSERT INTO cidade (nome, uf) VALUES ('Ponto Belo', 'ES');
INSERT INTO cidade (nome, uf) VALUES ('Presidente Kennedy', 'ES');
INSERT INTO cidade (nome, uf) VALUES ('Rio Bananal', 'ES');
INSERT INTO cidade (nome, uf) VALUES ('Rio Novo do Sul', 'ES');
INSERT INTO cidade (nome, uf) VALUES ('Santa Leopoldina', 'ES');
INSERT INTO cidade (nome, uf) VALUES ('Santa Maria de Jetibá', 'ES');
INSERT INTO cidade (nome, uf) VALUES ('Santa Teresa', 'ES');
INSERT INTO cidade (nome, uf) VALUES ('São Domingos do Norte', 'ES');
INSERT INTO cidade (nome, uf) VALUES ('São Gabriel da Palha', 'ES');
INSERT INTO cidade (nome, uf) VALUES ('São José do Calçado', 'ES');
INSERT INTO cidade (nome, uf) VALUES ('São Mateus', 'ES');
INSERT INTO cidade (nome, uf) VALUES ('São Roque do Canaã', 'ES');
INSERT INTO cidade (nome, uf) VALUES ('Serra', 'ES');
INSERT INTO cidade (nome, uf) VALUES ('Sooretama', 'ES');
INSERT INTO cidade (nome, uf) VALUES ('Vargem Alta', 'ES');
INSERT INTO cidade (nome, uf) VALUES ('Venda Nova do Imigrante', 'ES');
INSERT INTO cidade (nome, uf) VALUES ('Viana', 'ES');
INSERT INTO cidade (nome, uf) VALUES ('Vila Pavão', 'ES');
INSERT INTO cidade (nome, uf) VALUES ('Vila Valério', 'ES');
INSERT INTO cidade (nome, uf) VALUES ('Vila Velha', 'ES');
INSERT INTO cidade (nome, uf) VALUES ('Vitória', 'ES');
INSERT INTO cidade (nome, uf) VALUES ('Angra dos Reis', 'RJ');
INSERT INTO cidade (nome, uf) VALUES ('Aperibé', 'RJ');
INSERT INTO cidade (nome, uf) VALUES ('Araruama', 'RJ');
INSERT INTO cidade (nome, uf) VALUES ('Areal', 'RJ');
INSERT INTO cidade (nome, uf) VALUES ('Armação dos Búzios', 'RJ');
INSERT INTO cidade (nome, uf) VALUES ('Arraial do Cabo', 'RJ');
INSERT INTO cidade (nome, uf) VALUES ('Barra do Piraí', 'RJ');
INSERT INTO cidade (nome, uf) VALUES ('Barra Mansa', 'RJ');
INSERT INTO cidade (nome, uf) VALUES ('Belford Roxo', 'RJ');
INSERT INTO cidade (nome, uf) VALUES ('Bom Jardim', 'RJ');
INSERT INTO cidade (nome, uf) VALUES ('Bom Jesus do Itabapoana', 'RJ');
INSERT INTO cidade (nome, uf) VALUES ('Cabo Frio', 'RJ');
INSERT INTO cidade (nome, uf) VALUES ('Cachoeiras de Macacu', 'RJ');
INSERT INTO cidade (nome, uf) VALUES ('Cambuci', 'RJ');
INSERT INTO cidade (nome, uf) VALUES ('Carapebus', 'RJ');
INSERT INTO cidade (nome, uf) VALUES ('Comendador Levy Gasparian', 'RJ');
INSERT INTO cidade (nome, uf) VALUES ('Campos dos Goytacazes', 'RJ');
INSERT INTO cidade (nome, uf) VALUES ('Cantagalo', 'RJ');
INSERT INTO cidade (nome, uf) VALUES ('Cardoso Moreira', 'RJ');
INSERT INTO cidade (nome, uf) VALUES ('Carmo', 'RJ');
INSERT INTO cidade (nome, uf) VALUES ('Casimiro de Abreu', 'RJ');
INSERT INTO cidade (nome, uf) VALUES ('Conceição de Macabu', 'RJ');
INSERT INTO cidade (nome, uf) VALUES ('Cordeiro', 'RJ');
INSERT INTO cidade (nome, uf) VALUES ('Duas Barras', 'RJ');
INSERT INTO cidade (nome, uf) VALUES ('Duque de Caxias', 'RJ');
INSERT INTO cidade (nome, uf) VALUES ('Engenheiro Paulo de Frontin', 'RJ');
INSERT INTO cidade (nome, uf) VALUES ('Guapimirim', 'RJ');
INSERT INTO cidade (nome, uf) VALUES ('Iguaba Grande', 'RJ');
INSERT INTO cidade (nome, uf) VALUES ('Itaboraí', 'RJ');
INSERT INTO cidade (nome, uf) VALUES ('Itaguaí', 'RJ');
INSERT INTO cidade (nome, uf) VALUES ('Italva', 'RJ');
INSERT INTO cidade (nome, uf) VALUES ('Itaocara', 'RJ');
INSERT INTO cidade (nome, uf) VALUES ('Itaperuna', 'RJ');
INSERT INTO cidade (nome, uf) VALUES ('Itatiaia', 'RJ');
INSERT INTO cidade (nome, uf) VALUES ('Japeri', 'RJ');
INSERT INTO cidade (nome, uf) VALUES ('Laje do Muriaé', 'RJ');
INSERT INTO cidade (nome, uf) VALUES ('Macaé', 'RJ');
INSERT INTO cidade (nome, uf) VALUES ('Macuco', 'RJ');
INSERT INTO cidade (nome, uf) VALUES ('Magé', 'RJ');
INSERT INTO cidade (nome, uf) VALUES ('Mangaratiba', 'RJ');
INSERT INTO cidade (nome, uf) VALUES ('Maricá', 'RJ');
INSERT INTO cidade (nome, uf) VALUES ('Mendes', 'RJ');
INSERT INTO cidade (nome, uf) VALUES ('Mesquita', 'RJ');
INSERT INTO cidade (nome, uf) VALUES ('Miguel Pereira', 'RJ');
INSERT INTO cidade (nome, uf) VALUES ('Miracema', 'RJ');
INSERT INTO cidade (nome, uf) VALUES ('Natividade', 'RJ');
INSERT INTO cidade (nome, uf) VALUES ('Nilópolis', 'RJ');
INSERT INTO cidade (nome, uf) VALUES ('Niterói', 'RJ');
INSERT INTO cidade (nome, uf) VALUES ('Nova Friburgo', 'RJ');
INSERT INTO cidade (nome, uf) VALUES ('Nova Iguaçu', 'RJ');
INSERT INTO cidade (nome, uf) VALUES ('Paracambi', 'RJ');
INSERT INTO cidade (nome, uf) VALUES ('Paraíba do Sul', 'RJ');
INSERT INTO cidade (nome, uf) VALUES ('Paraty', 'RJ');
INSERT INTO cidade (nome, uf) VALUES ('Paty do Alferes', 'RJ');
INSERT INTO cidade (nome, uf) VALUES ('Petrópolis', 'RJ');
INSERT INTO cidade (nome, uf) VALUES ('Pinheiral', 'RJ');
INSERT INTO cidade (nome, uf) VALUES ('Piraí', 'RJ');
INSERT INTO cidade (nome, uf) VALUES ('Porciúncula', 'RJ');
INSERT INTO cidade (nome, uf) VALUES ('Porto Real', 'RJ');
INSERT INTO cidade (nome, uf) VALUES ('Quatis', 'RJ');
INSERT INTO cidade (nome, uf) VALUES ('Queimados', 'RJ');
INSERT INTO cidade (nome, uf) VALUES ('Quissamã', 'RJ');
INSERT INTO cidade (nome, uf) VALUES ('Resende', 'RJ');
INSERT INTO cidade (nome, uf) VALUES ('Rio Bonito', 'RJ');
INSERT INTO cidade (nome, uf) VALUES ('Rio Claro', 'RJ');
INSERT INTO cidade (nome, uf) VALUES ('Rio das Flores', 'RJ');
INSERT INTO cidade (nome, uf) VALUES ('Rio das Ostras', 'RJ');
INSERT INTO cidade (nome, uf) VALUES ('Rio de Janeiro', 'RJ');
INSERT INTO cidade (nome, uf) VALUES ('Santa Maria Madalena', 'RJ');
INSERT INTO cidade (nome, uf) VALUES ('Santo Antônio de Pádua', 'RJ');
INSERT INTO cidade (nome, uf) VALUES ('São Francisco de Itabapoana', 'RJ');
INSERT INTO cidade (nome, uf) VALUES ('São Fidélis', 'RJ');
INSERT INTO cidade (nome, uf) VALUES ('São Gonçalo', 'RJ');
INSERT INTO cidade (nome, uf) VALUES ('São João da Barra', 'RJ');
INSERT INTO cidade (nome, uf) VALUES ('São João de Meriti', 'RJ');
INSERT INTO cidade (nome, uf) VALUES ('São José de Ubá', 'RJ');
INSERT INTO cidade (nome, uf) VALUES ('São José do Vale do Rio Preto', 'RJ');
INSERT INTO cidade (nome, uf) VALUES ('São Pedro da Aldeia', 'RJ');
INSERT INTO cidade (nome, uf) VALUES ('São Sebastião do Alto', 'RJ');
INSERT INTO cidade (nome, uf) VALUES ('Sapucaia', 'RJ');
INSERT INTO cidade (nome, uf) VALUES ('Saquarema', 'RJ');
INSERT INTO cidade (nome, uf) VALUES ('Seropédica', 'RJ');
INSERT INTO cidade (nome, uf) VALUES ('Silva Jardim', 'RJ');
INSERT INTO cidade (nome, uf) VALUES ('Sumidouro', 'RJ');
INSERT INTO cidade (nome, uf) VALUES ('Tanguá', 'RJ');
INSERT INTO cidade (nome, uf) VALUES ('Teresópolis', 'RJ');
INSERT INTO cidade (nome, uf) VALUES ('Trajano de Moraes', 'RJ');
INSERT INTO cidade (nome, uf) VALUES ('Três Rios', 'RJ');
INSERT INTO cidade (nome, uf) VALUES ('Valença', 'RJ');
INSERT INTO cidade (nome, uf) VALUES ('Varre-Sai', 'RJ');
INSERT INTO cidade (nome, uf) VALUES ('Vassouras', 'RJ');
INSERT INTO cidade (nome, uf) VALUES ('Volta Redonda', 'RJ');
INSERT INTO cidade (nome, uf) VALUES ('Adamantina', 'SP');
INSERT INTO cidade (nome, uf) VALUES ('Adolfo', 'SP');
INSERT INTO cidade (nome, uf) VALUES ('Aguaí', 'SP');
INSERT INTO cidade (nome, uf) VALUES ('Águas da Prata', 'SP');
INSERT INTO cidade (nome, uf) VALUES ('Águas de Lindóia', 'SP');
INSERT INTO cidade (nome, uf) VALUES ('Águas de Santa Bárbara', 'SP');
INSERT INTO cidade (nome, uf) VALUES ('Águas de São Pedro', 'SP');
INSERT INTO cidade (nome, uf) VALUES ('Agudos', 'SP');
INSERT INTO cidade (nome, uf) VALUES ('Alambari', 'SP');
INSERT INTO cidade (nome, uf) VALUES ('Alfredo Marcondes', 'SP');
INSERT INTO cidade (nome, uf) VALUES ('Altair', 'SP');
INSERT INTO cidade (nome, uf) VALUES ('Altinópolis', 'SP');
INSERT INTO cidade (nome, uf) VALUES ('Alto Alegre', 'SP');
INSERT INTO cidade (nome, uf) VALUES ('Alumínio', 'SP');
INSERT INTO cidade (nome, uf) VALUES ('Álvares Florence', 'SP');
INSERT INTO cidade (nome, uf) VALUES ('Álvares Machado', 'SP');
INSERT INTO cidade (nome, uf) VALUES ('Álvaro de Carvalho', 'SP');
INSERT INTO cidade (nome, uf) VALUES ('Alvinlândia', 'SP');
INSERT INTO cidade (nome, uf) VALUES ('Americana', 'SP');
INSERT INTO cidade (nome, uf) VALUES ('Américo Brasiliense', 'SP');
INSERT INTO cidade (nome, uf) VALUES ('Américo de Campos', 'SP');
INSERT INTO cidade (nome, uf) VALUES ('Amparo', 'SP');
INSERT INTO cidade (nome, uf) VALUES ('Analândia', 'SP');
INSERT INTO cidade (nome, uf) VALUES ('Andradina', 'SP');
INSERT INTO cidade (nome, uf) VALUES ('Angatuba', 'SP');
INSERT INTO cidade (nome, uf) VALUES ('Anhembi', 'SP');
INSERT INTO cidade (nome, uf) VALUES ('Anhumas', 'SP');
INSERT INTO cidade (nome, uf) VALUES ('Aparecida', 'SP');
INSERT INTO cidade (nome, uf) VALUES ('Aparecida D''Oeste', 'SP');
INSERT INTO cidade (nome, uf) VALUES ('Apiaí', 'SP');
INSERT INTO cidade (nome, uf) VALUES ('Araçariguama', 'SP');
INSERT INTO cidade (nome, uf) VALUES ('Araçatuba', 'SP');
INSERT INTO cidade (nome, uf) VALUES ('Araçoiaba da Serra', 'SP');
INSERT INTO cidade (nome, uf) VALUES ('Aramina', 'SP');
INSERT INTO cidade (nome, uf) VALUES ('Arandu', 'SP');
INSERT INTO cidade (nome, uf) VALUES ('Arapeí', 'SP');
INSERT INTO cidade (nome, uf) VALUES ('Araraquara', 'SP');
INSERT INTO cidade (nome, uf) VALUES ('Araras', 'SP');
INSERT INTO cidade (nome, uf) VALUES ('Arco-Íris', 'SP');
INSERT INTO cidade (nome, uf) VALUES ('Arealva', 'SP');
INSERT INTO cidade (nome, uf) VALUES ('Areias', 'SP');
INSERT INTO cidade (nome, uf) VALUES ('Areiópolis', 'SP');
INSERT INTO cidade (nome, uf) VALUES ('Ariranha', 'SP');
INSERT INTO cidade (nome, uf) VALUES ('Artur Nogueira', 'SP');
INSERT INTO cidade (nome, uf) VALUES ('Arujá', 'SP');
INSERT INTO cidade (nome, uf) VALUES ('Aspásia', 'SP');
INSERT INTO cidade (nome, uf) VALUES ('Assis', 'SP');
INSERT INTO cidade (nome, uf) VALUES ('Atibaia', 'SP');
INSERT INTO cidade (nome, uf) VALUES ('Auriflama', 'SP');
INSERT INTO cidade (nome, uf) VALUES ('Avaí', 'SP');
INSERT INTO cidade (nome, uf) VALUES ('Avanhandava', 'SP');
INSERT INTO cidade (nome, uf) VALUES ('Avaré', 'SP');
INSERT INTO cidade (nome, uf) VALUES ('Bady Bassitt', 'SP');
INSERT INTO cidade (nome, uf) VALUES ('Balbinos', 'SP');
INSERT INTO cidade (nome, uf) VALUES ('Bálsamo', 'SP');
INSERT INTO cidade (nome, uf) VALUES ('Bananal', 'SP');
INSERT INTO cidade (nome, uf) VALUES ('Barão de Antonina', 'SP');
INSERT INTO cidade (nome, uf) VALUES ('Barbosa', 'SP');
INSERT INTO cidade (nome, uf) VALUES ('Bariri', 'SP');
INSERT INTO cidade (nome, uf) VALUES ('Barra Bonita', 'SP');
INSERT INTO cidade (nome, uf) VALUES ('Barra do Chapéu', 'SP');
INSERT INTO cidade (nome, uf) VALUES ('Barra do Turvo', 'SP');
INSERT INTO cidade (nome, uf) VALUES ('Barretos', 'SP');
INSERT INTO cidade (nome, uf) VALUES ('Barrinha', 'SP');
INSERT INTO cidade (nome, uf) VALUES ('Barueri', 'SP');
INSERT INTO cidade (nome, uf) VALUES ('Bastos', 'SP');
INSERT INTO cidade (nome, uf) VALUES ('Batatais', 'SP');
INSERT INTO cidade (nome, uf) VALUES ('Bauru', 'SP');
INSERT INTO cidade (nome, uf) VALUES ('Bebedouro', 'SP');
INSERT INTO cidade (nome, uf) VALUES ('Bento de Abreu', 'SP');
INSERT INTO cidade (nome, uf) VALUES ('Bernardino de Campos', 'SP');
INSERT INTO cidade (nome, uf) VALUES ('Bertioga', 'SP');
INSERT INTO cidade (nome, uf) VALUES ('Bilac', 'SP');
INSERT INTO cidade (nome, uf) VALUES ('Birigui', 'SP');
INSERT INTO cidade (nome, uf) VALUES ('Biritiba-Mirim', 'SP');
INSERT INTO cidade (nome, uf) VALUES ('Boa Esperança do Sul', 'SP');
INSERT INTO cidade (nome, uf) VALUES ('Bocaina', 'SP');
INSERT INTO cidade (nome, uf) VALUES ('Bofete', 'SP');
INSERT INTO cidade (nome, uf) VALUES ('Boituva', 'SP');
INSERT INTO cidade (nome, uf) VALUES ('Bom Jesus dos Perdões', 'SP');
INSERT INTO cidade (nome, uf) VALUES ('Bom Sucesso de Itararé', 'SP');
INSERT INTO cidade (nome, uf) VALUES ('Borá', 'SP');
INSERT INTO cidade (nome, uf) VALUES ('Boracéia', 'SP');
INSERT INTO cidade (nome, uf) VALUES ('Borborema', 'SP');
INSERT INTO cidade (nome, uf) VALUES ('Borebi', 'SP');
INSERT INTO cidade (nome, uf) VALUES ('Botucatu', 'SP');
INSERT INTO cidade (nome, uf) VALUES ('Bragança Paulista', 'SP');
INSERT INTO cidade (nome, uf) VALUES ('Braúna', 'SP');
INSERT INTO cidade (nome, uf) VALUES ('Brejo Alegre', 'SP');
INSERT INTO cidade (nome, uf) VALUES ('Brodowski', 'SP');
INSERT INTO cidade (nome, uf) VALUES ('Brotas', 'SP');
INSERT INTO cidade (nome, uf) VALUES ('Buri', 'SP');
INSERT INTO cidade (nome, uf) VALUES ('Buritama', 'SP');
INSERT INTO cidade (nome, uf) VALUES ('Buritizal', 'SP');
INSERT INTO cidade (nome, uf) VALUES ('Cabrália Paulista', 'SP');
INSERT INTO cidade (nome, uf) VALUES ('Cabreúva', 'SP');
INSERT INTO cidade (nome, uf) VALUES ('Caçapava', 'SP');
INSERT INTO cidade (nome, uf) VALUES ('Cachoeira Paulista', 'SP');
INSERT INTO cidade (nome, uf) VALUES ('Caconde', 'SP');
INSERT INTO cidade (nome, uf) VALUES ('Cafelândia', 'SP');
INSERT INTO cidade (nome, uf) VALUES ('Caiabu', 'SP');
INSERT INTO cidade (nome, uf) VALUES ('Caieiras', 'SP');
INSERT INTO cidade (nome, uf) VALUES ('Caiuá', 'SP');
INSERT INTO cidade (nome, uf) VALUES ('Cajamar', 'SP');
INSERT INTO cidade (nome, uf) VALUES ('Cajati', 'SP');
INSERT INTO cidade (nome, uf) VALUES ('Cajobi', 'SP');
INSERT INTO cidade (nome, uf) VALUES ('Cajuru', 'SP');
INSERT INTO cidade (nome, uf) VALUES ('Campina do Monte Alegre', 'SP');
INSERT INTO cidade (nome, uf) VALUES ('Campinas', 'SP');
INSERT INTO cidade (nome, uf) VALUES ('Campo Limpo Paulista', 'SP');
INSERT INTO cidade (nome, uf) VALUES ('Campos do Jordão', 'SP');
INSERT INTO cidade (nome, uf) VALUES ('Campos Novos Paulista', 'SP');
INSERT INTO cidade (nome, uf) VALUES ('Cananéia', 'SP');
INSERT INTO cidade (nome, uf) VALUES ('Canas', 'SP');
INSERT INTO cidade (nome, uf) VALUES ('Cândido Mota', 'SP');
INSERT INTO cidade (nome, uf) VALUES ('Cândido Rodrigues', 'SP');
INSERT INTO cidade (nome, uf) VALUES ('Canitar', 'SP');
INSERT INTO cidade (nome, uf) VALUES ('Capão Bonito', 'SP');
INSERT INTO cidade (nome, uf) VALUES ('Capela do Alto', 'SP');
INSERT INTO cidade (nome, uf) VALUES ('Capivari', 'SP');
INSERT INTO cidade (nome, uf) VALUES ('Caraguatatuba', 'SP');
INSERT INTO cidade (nome, uf) VALUES ('Carapicuíba', 'SP');
INSERT INTO cidade (nome, uf) VALUES ('Cardoso', 'SP');
INSERT INTO cidade (nome, uf) VALUES ('Casa Branca', 'SP');
INSERT INTO cidade (nome, uf) VALUES ('Cássia dos Coqueiros', 'SP');
INSERT INTO cidade (nome, uf) VALUES ('Castilho', 'SP');
INSERT INTO cidade (nome, uf) VALUES ('Catanduva', 'SP');
INSERT INTO cidade (nome, uf) VALUES ('Catiguá', 'SP');
INSERT INTO cidade (nome, uf) VALUES ('Cedral', 'SP');
INSERT INTO cidade (nome, uf) VALUES ('Cerqueira César', 'SP');
INSERT INTO cidade (nome, uf) VALUES ('Cerquilho', 'SP');
INSERT INTO cidade (nome, uf) VALUES ('Cesário Lange', 'SP');
INSERT INTO cidade (nome, uf) VALUES ('Charqueada', 'SP');
INSERT INTO cidade (nome, uf) VALUES ('Clementina', 'SP');
INSERT INTO cidade (nome, uf) VALUES ('Colina', 'SP');
INSERT INTO cidade (nome, uf) VALUES ('Colômbia', 'SP');
INSERT INTO cidade (nome, uf) VALUES ('Conchal', 'SP');
INSERT INTO cidade (nome, uf) VALUES ('Conchas', 'SP');
INSERT INTO cidade (nome, uf) VALUES ('Cordeirópolis', 'SP');
INSERT INTO cidade (nome, uf) VALUES ('Coroados', 'SP');
INSERT INTO cidade (nome, uf) VALUES ('Coronel Macedo', 'SP');
INSERT INTO cidade (nome, uf) VALUES ('Corumbataí', 'SP');
INSERT INTO cidade (nome, uf) VALUES ('Cosmópolis', 'SP');
INSERT INTO cidade (nome, uf) VALUES ('Cosmorama', 'SP');
INSERT INTO cidade (nome, uf) VALUES ('Cotia', 'SP');
INSERT INTO cidade (nome, uf) VALUES ('Cravinhos', 'SP');
INSERT INTO cidade (nome, uf) VALUES ('Cristais Paulista', 'SP');
INSERT INTO cidade (nome, uf) VALUES ('Cruzália', 'SP');
INSERT INTO cidade (nome, uf) VALUES ('Cruzeiro', 'SP');
INSERT INTO cidade (nome, uf) VALUES ('Cubatão', 'SP');
INSERT INTO cidade (nome, uf) VALUES ('Cunha', 'SP');
INSERT INTO cidade (nome, uf) VALUES ('Descalvado', 'SP');
INSERT INTO cidade (nome, uf) VALUES ('Diadema', 'SP');
INSERT INTO cidade (nome, uf) VALUES ('Dirce Reis', 'SP');
INSERT INTO cidade (nome, uf) VALUES ('Divinolândia', 'SP');
INSERT INTO cidade (nome, uf) VALUES ('Dobrada', 'SP');
INSERT INTO cidade (nome, uf) VALUES ('Dois Córregos', 'SP');
INSERT INTO cidade (nome, uf) VALUES ('Dolcinópolis', 'SP');
INSERT INTO cidade (nome, uf) VALUES ('Dourado', 'SP');
INSERT INTO cidade (nome, uf) VALUES ('Dracena', 'SP');
INSERT INTO cidade (nome, uf) VALUES ('Duartina', 'SP');
INSERT INTO cidade (nome, uf) VALUES ('Dumont', 'SP');
INSERT INTO cidade (nome, uf) VALUES ('Echaporã', 'SP');
INSERT INTO cidade (nome, uf) VALUES ('Eldorado', 'SP');
INSERT INTO cidade (nome, uf) VALUES ('Elias Fausto', 'SP');
INSERT INTO cidade (nome, uf) VALUES ('Elisiário', 'SP');
INSERT INTO cidade (nome, uf) VALUES ('Embaúba', 'SP');
INSERT INTO cidade (nome, uf) VALUES ('Embu das Artes', 'SP');
INSERT INTO cidade (nome, uf) VALUES ('Embu-Guaçu', 'SP');
INSERT INTO cidade (nome, uf) VALUES ('Emilianópolis', 'SP');
INSERT INTO cidade (nome, uf) VALUES ('Engenheiro Coelho', 'SP');
INSERT INTO cidade (nome, uf) VALUES ('Espírito Santo do Pinhal', 'SP');
INSERT INTO cidade (nome, uf) VALUES ('Espírito Santo do Turvo', 'SP');
INSERT INTO cidade (nome, uf) VALUES ('Estrela D''Oeste', 'SP');
INSERT INTO cidade (nome, uf) VALUES ('Estrela do Norte', 'SP');
INSERT INTO cidade (nome, uf) VALUES ('Euclides da Cunha Paulista', 'SP');
INSERT INTO cidade (nome, uf) VALUES ('Fartura', 'SP');
INSERT INTO cidade (nome, uf) VALUES ('Fernandópolis', 'SP');
INSERT INTO cidade (nome, uf) VALUES ('Fernando Prestes', 'SP');
INSERT INTO cidade (nome, uf) VALUES ('Fernão', 'SP');
INSERT INTO cidade (nome, uf) VALUES ('Ferraz de Vasconcelos', 'SP');
INSERT INTO cidade (nome, uf) VALUES ('Flora Rica', 'SP');
INSERT INTO cidade (nome, uf) VALUES ('Floreal', 'SP');
INSERT INTO cidade (nome, uf) VALUES ('Flórida Paulista', 'SP');
INSERT INTO cidade (nome, uf) VALUES ('Florínia', 'SP');
INSERT INTO cidade (nome, uf) VALUES ('Franca', 'SP');
INSERT INTO cidade (nome, uf) VALUES ('Francisco Morato', 'SP');
INSERT INTO cidade (nome, uf) VALUES ('Franco da Rocha', 'SP');
INSERT INTO cidade (nome, uf) VALUES ('Gabriel Monteiro', 'SP');
INSERT INTO cidade (nome, uf) VALUES ('Gália', 'SP');
INSERT INTO cidade (nome, uf) VALUES ('Garça', 'SP');
INSERT INTO cidade (nome, uf) VALUES ('Gastão Vidigal', 'SP');
INSERT INTO cidade (nome, uf) VALUES ('Gavião Peixoto', 'SP');
INSERT INTO cidade (nome, uf) VALUES ('General Salgado', 'SP');
INSERT INTO cidade (nome, uf) VALUES ('Getulina', 'SP');
INSERT INTO cidade (nome, uf) VALUES ('Glicério', 'SP');
INSERT INTO cidade (nome, uf) VALUES ('Guaiçara', 'SP');
INSERT INTO cidade (nome, uf) VALUES ('Guaimbê', 'SP');
INSERT INTO cidade (nome, uf) VALUES ('Guaíra', 'SP');
INSERT INTO cidade (nome, uf) VALUES ('Guapiaçu', 'SP');
INSERT INTO cidade (nome, uf) VALUES ('Guapiara', 'SP');
INSERT INTO cidade (nome, uf) VALUES ('Guará', 'SP');
INSERT INTO cidade (nome, uf) VALUES ('Guaraçaí', 'SP');
INSERT INTO cidade (nome, uf) VALUES ('Guaraci', 'SP');
INSERT INTO cidade (nome, uf) VALUES ('Guarani D''Oeste', 'SP');
INSERT INTO cidade (nome, uf) VALUES ('Guarantã', 'SP');
INSERT INTO cidade (nome, uf) VALUES ('Guararapes', 'SP');
INSERT INTO cidade (nome, uf) VALUES ('Guararema', 'SP');
INSERT INTO cidade (nome, uf) VALUES ('Guaratinguetá', 'SP');
INSERT INTO cidade (nome, uf) VALUES ('Guareí', 'SP');
INSERT INTO cidade (nome, uf) VALUES ('Guariba', 'SP');
INSERT INTO cidade (nome, uf) VALUES ('Guarujá', 'SP');
INSERT INTO cidade (nome, uf) VALUES ('Guarulhos', 'SP');
INSERT INTO cidade (nome, uf) VALUES ('Guatapará', 'SP');
INSERT INTO cidade (nome, uf) VALUES ('Guzolândia', 'SP');
INSERT INTO cidade (nome, uf) VALUES ('Herculândia', 'SP');
INSERT INTO cidade (nome, uf) VALUES ('Holambra', 'SP');
INSERT INTO cidade (nome, uf) VALUES ('Hortolândia', 'SP');
INSERT INTO cidade (nome, uf) VALUES ('Iacanga', 'SP');
INSERT INTO cidade (nome, uf) VALUES ('Iacri', 'SP');
INSERT INTO cidade (nome, uf) VALUES ('Iaras', 'SP');
INSERT INTO cidade (nome, uf) VALUES ('Ibaté', 'SP');
INSERT INTO cidade (nome, uf) VALUES ('Ibirá', 'SP');
INSERT INTO cidade (nome, uf) VALUES ('Ibirarema', 'SP');
INSERT INTO cidade (nome, uf) VALUES ('Ibitinga', 'SP');
INSERT INTO cidade (nome, uf) VALUES ('Ibiúna', 'SP');
INSERT INTO cidade (nome, uf) VALUES ('Icém', 'SP');
INSERT INTO cidade (nome, uf) VALUES ('Iepê', 'SP');
INSERT INTO cidade (nome, uf) VALUES ('Igaraçu do Tietê', 'SP');
INSERT INTO cidade (nome, uf) VALUES ('Igarapava', 'SP');
INSERT INTO cidade (nome, uf) VALUES ('Igaratá', 'SP');
INSERT INTO cidade (nome, uf) VALUES ('Iguape', 'SP');
INSERT INTO cidade (nome, uf) VALUES ('Ilhabela', 'SP');
INSERT INTO cidade (nome, uf) VALUES ('Ilha Comprida', 'SP');
INSERT INTO cidade (nome, uf) VALUES ('Ilha Solteira', 'SP');
INSERT INTO cidade (nome, uf) VALUES ('Indaiatuba', 'SP');
INSERT INTO cidade (nome, uf) VALUES ('Indiana', 'SP');
INSERT INTO cidade (nome, uf) VALUES ('Indiaporã', 'SP');
INSERT INTO cidade (nome, uf) VALUES ('Inúbia Paulista', 'SP');
INSERT INTO cidade (nome, uf) VALUES ('Ipaussu', 'SP');
INSERT INTO cidade (nome, uf) VALUES ('Iperó', 'SP');
INSERT INTO cidade (nome, uf) VALUES ('Ipeúna', 'SP');
INSERT INTO cidade (nome, uf) VALUES ('Ipiguá', 'SP');
INSERT INTO cidade (nome, uf) VALUES ('Iporanga', 'SP');
INSERT INTO cidade (nome, uf) VALUES ('Ipuã', 'SP');
INSERT INTO cidade (nome, uf) VALUES ('Iracemápolis', 'SP');
INSERT INTO cidade (nome, uf) VALUES ('Irapuã', 'SP');
INSERT INTO cidade (nome, uf) VALUES ('Irapuru', 'SP');
INSERT INTO cidade (nome, uf) VALUES ('Itaberá', 'SP');
INSERT INTO cidade (nome, uf) VALUES ('Itaí', 'SP');
INSERT INTO cidade (nome, uf) VALUES ('Itajobi', 'SP');
INSERT INTO cidade (nome, uf) VALUES ('Itaju', 'SP');
INSERT INTO cidade (nome, uf) VALUES ('Itanhaém', 'SP');
INSERT INTO cidade (nome, uf) VALUES ('Itaóca', 'SP');
INSERT INTO cidade (nome, uf) VALUES ('Itapecerica da Serra', 'SP');
INSERT INTO cidade (nome, uf) VALUES ('Itapetininga', 'SP');
INSERT INTO cidade (nome, uf) VALUES ('Itapeva', 'SP');
INSERT INTO cidade (nome, uf) VALUES ('Itapevi', 'SP');
INSERT INTO cidade (nome, uf) VALUES ('Itapira', 'SP');
INSERT INTO cidade (nome, uf) VALUES ('Itapirapuã Paulista', 'SP');
INSERT INTO cidade (nome, uf) VALUES ('Itápolis', 'SP');
INSERT INTO cidade (nome, uf) VALUES ('Itaporanga', 'SP');
INSERT INTO cidade (nome, uf) VALUES ('Itapuí', 'SP');
INSERT INTO cidade (nome, uf) VALUES ('Itapura', 'SP');
INSERT INTO cidade (nome, uf) VALUES ('Itaquaquecetuba', 'SP');
INSERT INTO cidade (nome, uf) VALUES ('Itararé', 'SP');
INSERT INTO cidade (nome, uf) VALUES ('Itariri', 'SP');
INSERT INTO cidade (nome, uf) VALUES ('Itatiba', 'SP');
INSERT INTO cidade (nome, uf) VALUES ('Itatinga', 'SP');
INSERT INTO cidade (nome, uf) VALUES ('Itirapina', 'SP');
INSERT INTO cidade (nome, uf) VALUES ('Itirapuã', 'SP');
INSERT INTO cidade (nome, uf) VALUES ('Itobi', 'SP');
INSERT INTO cidade (nome, uf) VALUES ('Itu', 'SP');
INSERT INTO cidade (nome, uf) VALUES ('Itupeva', 'SP');
INSERT INTO cidade (nome, uf) VALUES ('Ituverava', 'SP');
INSERT INTO cidade (nome, uf) VALUES ('Jaborandi', 'SP');
INSERT INTO cidade (nome, uf) VALUES ('Jaboticabal', 'SP');
INSERT INTO cidade (nome, uf) VALUES ('Jacareí', 'SP');
INSERT INTO cidade (nome, uf) VALUES ('Jaci', 'SP');
INSERT INTO cidade (nome, uf) VALUES ('Jacupiranga', 'SP');
INSERT INTO cidade (nome, uf) VALUES ('Jaguariúna', 'SP');
INSERT INTO cidade (nome, uf) VALUES ('Jales', 'SP');
INSERT INTO cidade (nome, uf) VALUES ('Jambeiro', 'SP');
INSERT INTO cidade (nome, uf) VALUES ('Jandira', 'SP');
INSERT INTO cidade (nome, uf) VALUES ('Jardinópolis', 'SP');
INSERT INTO cidade (nome, uf) VALUES ('Jarinu', 'SP');
INSERT INTO cidade (nome, uf) VALUES ('Jaú', 'SP');
INSERT INTO cidade (nome, uf) VALUES ('Jeriquara', 'SP');
INSERT INTO cidade (nome, uf) VALUES ('Joanópolis', 'SP');
INSERT INTO cidade (nome, uf) VALUES ('João Ramalho', 'SP');
INSERT INTO cidade (nome, uf) VALUES ('José Bonifácio', 'SP');
INSERT INTO cidade (nome, uf) VALUES ('Júlio Mesquita', 'SP');
INSERT INTO cidade (nome, uf) VALUES ('Jumirim', 'SP');
INSERT INTO cidade (nome, uf) VALUES ('Jundiaí', 'SP');
INSERT INTO cidade (nome, uf) VALUES ('Junqueirópolis', 'SP');
INSERT INTO cidade (nome, uf) VALUES ('Juquiá', 'SP');
INSERT INTO cidade (nome, uf) VALUES ('Juquitiba', 'SP');
INSERT INTO cidade (nome, uf) VALUES ('Lagoinha', 'SP');
INSERT INTO cidade (nome, uf) VALUES ('Laranjal Paulista', 'SP');
INSERT INTO cidade (nome, uf) VALUES ('Lavínia', 'SP');
INSERT INTO cidade (nome, uf) VALUES ('Lavrinhas', 'SP');
INSERT INTO cidade (nome, uf) VALUES ('Leme', 'SP');
INSERT INTO cidade (nome, uf) VALUES ('Lençóis Paulista', 'SP');
INSERT INTO cidade (nome, uf) VALUES ('Limeira', 'SP');
INSERT INTO cidade (nome, uf) VALUES ('Lindóia', 'SP');
INSERT INTO cidade (nome, uf) VALUES ('Lins', 'SP');
INSERT INTO cidade (nome, uf) VALUES ('Lorena', 'SP');
INSERT INTO cidade (nome, uf) VALUES ('Lourdes', 'SP');
INSERT INTO cidade (nome, uf) VALUES ('Louveira', 'SP');
INSERT INTO cidade (nome, uf) VALUES ('Lucélia', 'SP');
INSERT INTO cidade (nome, uf) VALUES ('Lucianópolis', 'SP');
INSERT INTO cidade (nome, uf) VALUES ('Luís Antônio', 'SP');
INSERT INTO cidade (nome, uf) VALUES ('Luiziânia', 'SP');
INSERT INTO cidade (nome, uf) VALUES ('Lupércio', 'SP');
INSERT INTO cidade (nome, uf) VALUES ('Lutécia', 'SP');
INSERT INTO cidade (nome, uf) VALUES ('Macatuba', 'SP');
INSERT INTO cidade (nome, uf) VALUES ('Macaubal', 'SP');
INSERT INTO cidade (nome, uf) VALUES ('Macedônia', 'SP');
INSERT INTO cidade (nome, uf) VALUES ('Magda', 'SP');
INSERT INTO cidade (nome, uf) VALUES ('Mairinque', 'SP');
INSERT INTO cidade (nome, uf) VALUES ('Mairiporã', 'SP');
INSERT INTO cidade (nome, uf) VALUES ('Manduri', 'SP');
INSERT INTO cidade (nome, uf) VALUES ('Marabá Paulista', 'SP');
INSERT INTO cidade (nome, uf) VALUES ('Maracaí', 'SP');
INSERT INTO cidade (nome, uf) VALUES ('Marapoama', 'SP');
INSERT INTO cidade (nome, uf) VALUES ('Mariápolis', 'SP');
INSERT INTO cidade (nome, uf) VALUES ('Marília', 'SP');
INSERT INTO cidade (nome, uf) VALUES ('Marinópolis', 'SP');
INSERT INTO cidade (nome, uf) VALUES ('Martinópolis', 'SP');
INSERT INTO cidade (nome, uf) VALUES ('Matão', 'SP');
INSERT INTO cidade (nome, uf) VALUES ('Mauá', 'SP');
INSERT INTO cidade (nome, uf) VALUES ('Mendonça', 'SP');
INSERT INTO cidade (nome, uf) VALUES ('Meridiano', 'SP');
INSERT INTO cidade (nome, uf) VALUES ('Mesópolis', 'SP');
INSERT INTO cidade (nome, uf) VALUES ('Miguelópolis', 'SP');
INSERT INTO cidade (nome, uf) VALUES ('Mineiros do Tietê', 'SP');
INSERT INTO cidade (nome, uf) VALUES ('Miracatu', 'SP');
INSERT INTO cidade (nome, uf) VALUES ('Mira Estrela', 'SP');
INSERT INTO cidade (nome, uf) VALUES ('Mirandópolis', 'SP');
INSERT INTO cidade (nome, uf) VALUES ('Mirante do Paranapanema', 'SP');
INSERT INTO cidade (nome, uf) VALUES ('Mirassol', 'SP');
INSERT INTO cidade (nome, uf) VALUES ('Mirassolândia', 'SP');
INSERT INTO cidade (nome, uf) VALUES ('Mococa', 'SP');
INSERT INTO cidade (nome, uf) VALUES ('Mogi das Cruzes', 'SP');
INSERT INTO cidade (nome, uf) VALUES ('Mogi Guaçu', 'SP');
INSERT INTO cidade (nome, uf) VALUES ('Moji Mirim', 'SP');
INSERT INTO cidade (nome, uf) VALUES ('Mombuca', 'SP');
INSERT INTO cidade (nome, uf) VALUES ('Monções', 'SP');
INSERT INTO cidade (nome, uf) VALUES ('Mongaguá', 'SP');
INSERT INTO cidade (nome, uf) VALUES ('Monte Alegre do Sul', 'SP');
INSERT INTO cidade (nome, uf) VALUES ('Monte Alto', 'SP');
INSERT INTO cidade (nome, uf) VALUES ('Monte Aprazível', 'SP');
INSERT INTO cidade (nome, uf) VALUES ('Monte Azul Paulista', 'SP');
INSERT INTO cidade (nome, uf) VALUES ('Monte Castelo', 'SP');
INSERT INTO cidade (nome, uf) VALUES ('Monteiro Lobato', 'SP');
INSERT INTO cidade (nome, uf) VALUES ('Monte Mor', 'SP');
INSERT INTO cidade (nome, uf) VALUES ('Morro Agudo', 'SP');
INSERT INTO cidade (nome, uf) VALUES ('Morungaba', 'SP');
INSERT INTO cidade (nome, uf) VALUES ('Motuca', 'SP');
INSERT INTO cidade (nome, uf) VALUES ('Murutinga do Sul', 'SP');
INSERT INTO cidade (nome, uf) VALUES ('Nantes', 'SP');
INSERT INTO cidade (nome, uf) VALUES ('Narandiba', 'SP');
INSERT INTO cidade (nome, uf) VALUES ('Natividade da Serra', 'SP');
INSERT INTO cidade (nome, uf) VALUES ('Nazaré Paulista', 'SP');
INSERT INTO cidade (nome, uf) VALUES ('Neves Paulista', 'SP');
INSERT INTO cidade (nome, uf) VALUES ('Nhandeara', 'SP');
INSERT INTO cidade (nome, uf) VALUES ('Nipoã', 'SP');
INSERT INTO cidade (nome, uf) VALUES ('Nova Aliança', 'SP');
INSERT INTO cidade (nome, uf) VALUES ('Nova Campina', 'SP');
INSERT INTO cidade (nome, uf) VALUES ('Nova Canaã Paulista', 'SP');
INSERT INTO cidade (nome, uf) VALUES ('Nova Castilho', 'SP');
INSERT INTO cidade (nome, uf) VALUES ('Nova Europa', 'SP');
INSERT INTO cidade (nome, uf) VALUES ('Nova Granada', 'SP');
INSERT INTO cidade (nome, uf) VALUES ('Nova Guataporanga', 'SP');
INSERT INTO cidade (nome, uf) VALUES ('Nova Independência', 'SP');
INSERT INTO cidade (nome, uf) VALUES ('Novais', 'SP');
INSERT INTO cidade (nome, uf) VALUES ('Nova Luzitânia', 'SP');
INSERT INTO cidade (nome, uf) VALUES ('Nova Odessa', 'SP');
INSERT INTO cidade (nome, uf) VALUES ('Novo Horizonte', 'SP');
INSERT INTO cidade (nome, uf) VALUES ('Nuporanga', 'SP');
INSERT INTO cidade (nome, uf) VALUES ('Ocauçu', 'SP');
INSERT INTO cidade (nome, uf) VALUES ('Óleo', 'SP');
INSERT INTO cidade (nome, uf) VALUES ('Olímpia', 'SP');
INSERT INTO cidade (nome, uf) VALUES ('Onda Verde', 'SP');
INSERT INTO cidade (nome, uf) VALUES ('Oriente', 'SP');
INSERT INTO cidade (nome, uf) VALUES ('Orindiúva', 'SP');
INSERT INTO cidade (nome, uf) VALUES ('Orlândia', 'SP');
INSERT INTO cidade (nome, uf) VALUES ('Osasco', 'SP');
INSERT INTO cidade (nome, uf) VALUES ('Oscar Bressane', 'SP');
INSERT INTO cidade (nome, uf) VALUES ('Osvaldo Cruz', 'SP');
INSERT INTO cidade (nome, uf) VALUES ('Ourinhos', 'SP');
INSERT INTO cidade (nome, uf) VALUES ('Ouroeste', 'SP');
INSERT INTO cidade (nome, uf) VALUES ('Ouro Verde', 'SP');
INSERT INTO cidade (nome, uf) VALUES ('Pacaembu', 'SP');
INSERT INTO cidade (nome, uf) VALUES ('Palestina', 'SP');
INSERT INTO cidade (nome, uf) VALUES ('Palmares Paulista', 'SP');
INSERT INTO cidade (nome, uf) VALUES ('Palmeira D''Oeste', 'SP');
INSERT INTO cidade (nome, uf) VALUES ('Palmital', 'SP');
INSERT INTO cidade (nome, uf) VALUES ('Panorama', 'SP');
INSERT INTO cidade (nome, uf) VALUES ('Paraguaçu Paulista', 'SP');
INSERT INTO cidade (nome, uf) VALUES ('Paraibuna', 'SP');
INSERT INTO cidade (nome, uf) VALUES ('Paraíso', 'SP');
INSERT INTO cidade (nome, uf) VALUES ('Paranapanema', 'SP');
INSERT INTO cidade (nome, uf) VALUES ('Paranapuã', 'SP');
INSERT INTO cidade (nome, uf) VALUES ('Parapuã', 'SP');
INSERT INTO cidade (nome, uf) VALUES ('Pardinho', 'SP');
INSERT INTO cidade (nome, uf) VALUES ('Pariquera-Açu', 'SP');
INSERT INTO cidade (nome, uf) VALUES ('Parisi', 'SP');
INSERT INTO cidade (nome, uf) VALUES ('Patrocínio Paulista', 'SP');
INSERT INTO cidade (nome, uf) VALUES ('Paulicéia', 'SP');
INSERT INTO cidade (nome, uf) VALUES ('Paulínia', 'SP');
INSERT INTO cidade (nome, uf) VALUES ('Paulistânia', 'SP');
INSERT INTO cidade (nome, uf) VALUES ('Paulo de Faria', 'SP');
INSERT INTO cidade (nome, uf) VALUES ('Pederneiras', 'SP');
INSERT INTO cidade (nome, uf) VALUES ('Pedra Bela', 'SP');
INSERT INTO cidade (nome, uf) VALUES ('Pedranópolis', 'SP');
INSERT INTO cidade (nome, uf) VALUES ('Pedregulho', 'SP');
INSERT INTO cidade (nome, uf) VALUES ('Pedreira', 'SP');
INSERT INTO cidade (nome, uf) VALUES ('Pedrinhas Paulista', 'SP');
INSERT INTO cidade (nome, uf) VALUES ('Pedro de Toledo', 'SP');
INSERT INTO cidade (nome, uf) VALUES ('Penápolis', 'SP');
INSERT INTO cidade (nome, uf) VALUES ('Pereira Barreto', 'SP');
INSERT INTO cidade (nome, uf) VALUES ('Pereiras', 'SP');
INSERT INTO cidade (nome, uf) VALUES ('Peruíbe', 'SP');
INSERT INTO cidade (nome, uf) VALUES ('Piacatu', 'SP');
INSERT INTO cidade (nome, uf) VALUES ('Piedade', 'SP');
INSERT INTO cidade (nome, uf) VALUES ('Pilar do Sul', 'SP');
INSERT INTO cidade (nome, uf) VALUES ('Pindamonhangaba', 'SP');
INSERT INTO cidade (nome, uf) VALUES ('Pindorama', 'SP');
INSERT INTO cidade (nome, uf) VALUES ('Pinhalzinho', 'SP');
INSERT INTO cidade (nome, uf) VALUES ('Piquerobi', 'SP');
INSERT INTO cidade (nome, uf) VALUES ('Piquete', 'SP');
INSERT INTO cidade (nome, uf) VALUES ('Piracaia', 'SP');
INSERT INTO cidade (nome, uf) VALUES ('Piracicaba', 'SP');
INSERT INTO cidade (nome, uf) VALUES ('Piraju', 'SP');
INSERT INTO cidade (nome, uf) VALUES ('Pirajuí', 'SP');
INSERT INTO cidade (nome, uf) VALUES ('Pirangi', 'SP');
INSERT INTO cidade (nome, uf) VALUES ('Pirapora do Bom Jesus', 'SP');
INSERT INTO cidade (nome, uf) VALUES ('Pirapozinho', 'SP');
INSERT INTO cidade (nome, uf) VALUES ('Pirassununga', 'SP');
INSERT INTO cidade (nome, uf) VALUES ('Piratininga', 'SP');
INSERT INTO cidade (nome, uf) VALUES ('Pitangueiras', 'SP');
INSERT INTO cidade (nome, uf) VALUES ('Planalto', 'SP');
INSERT INTO cidade (nome, uf) VALUES ('Platina', 'SP');
INSERT INTO cidade (nome, uf) VALUES ('Poá', 'SP');
INSERT INTO cidade (nome, uf) VALUES ('Poloni', 'SP');
INSERT INTO cidade (nome, uf) VALUES ('Pompéia', 'SP');
INSERT INTO cidade (nome, uf) VALUES ('Pongaí', 'SP');
INSERT INTO cidade (nome, uf) VALUES ('Pontal', 'SP');
INSERT INTO cidade (nome, uf) VALUES ('Pontalinda', 'SP');
INSERT INTO cidade (nome, uf) VALUES ('Pontes Gestal', 'SP');
INSERT INTO cidade (nome, uf) VALUES ('Populina', 'SP');
INSERT INTO cidade (nome, uf) VALUES ('Porangaba', 'SP');
INSERT INTO cidade (nome, uf) VALUES ('Porto Feliz', 'SP');
INSERT INTO cidade (nome, uf) VALUES ('Porto Ferreira', 'SP');
INSERT INTO cidade (nome, uf) VALUES ('Potim', 'SP');
INSERT INTO cidade (nome, uf) VALUES ('Potirendaba', 'SP');
INSERT INTO cidade (nome, uf) VALUES ('Pracinha', 'SP');
INSERT INTO cidade (nome, uf) VALUES ('Pradópolis', 'SP');
INSERT INTO cidade (nome, uf) VALUES ('Praia Grande', 'SP');
INSERT INTO cidade (nome, uf) VALUES ('Pratânia', 'SP');
INSERT INTO cidade (nome, uf) VALUES ('Presidente Alves', 'SP');
INSERT INTO cidade (nome, uf) VALUES ('Presidente Bernardes', 'SP');
INSERT INTO cidade (nome, uf) VALUES ('Presidente Epitácio', 'SP');
INSERT INTO cidade (nome, uf) VALUES ('Presidente Prudente', 'SP');
INSERT INTO cidade (nome, uf) VALUES ('Presidente Venceslau', 'SP');
INSERT INTO cidade (nome, uf) VALUES ('Promissão', 'SP');
INSERT INTO cidade (nome, uf) VALUES ('Quadra', 'SP');
INSERT INTO cidade (nome, uf) VALUES ('Quatá', 'SP');
INSERT INTO cidade (nome, uf) VALUES ('Queiroz', 'SP');
INSERT INTO cidade (nome, uf) VALUES ('Queluz', 'SP');
INSERT INTO cidade (nome, uf) VALUES ('Quintana', 'SP');
INSERT INTO cidade (nome, uf) VALUES ('Rafard', 'SP');
INSERT INTO cidade (nome, uf) VALUES ('Rancharia', 'SP');
INSERT INTO cidade (nome, uf) VALUES ('Redenção da Serra', 'SP');
INSERT INTO cidade (nome, uf) VALUES ('Regente Feijó', 'SP');
INSERT INTO cidade (nome, uf) VALUES ('Reginópolis', 'SP');
INSERT INTO cidade (nome, uf) VALUES ('Registro', 'SP');
INSERT INTO cidade (nome, uf) VALUES ('Restinga', 'SP');
INSERT INTO cidade (nome, uf) VALUES ('Ribeira', 'SP');
INSERT INTO cidade (nome, uf) VALUES ('Ribeirão Bonito', 'SP');
INSERT INTO cidade (nome, uf) VALUES ('Ribeirão Branco', 'SP');
INSERT INTO cidade (nome, uf) VALUES ('Ribeirão Corrente', 'SP');
INSERT INTO cidade (nome, uf) VALUES ('Ribeirão do Sul', 'SP');
INSERT INTO cidade (nome, uf) VALUES ('Ribeirão dos Índios', 'SP');
INSERT INTO cidade (nome, uf) VALUES ('Ribeirão Grande', 'SP');
INSERT INTO cidade (nome, uf) VALUES ('Ribeirão Pires', 'SP');
INSERT INTO cidade (nome, uf) VALUES ('Ribeirão Preto', 'SP');
INSERT INTO cidade (nome, uf) VALUES ('Riversul', 'SP');
INSERT INTO cidade (nome, uf) VALUES ('Rifaina', 'SP');
INSERT INTO cidade (nome, uf) VALUES ('Rincão', 'SP');
INSERT INTO cidade (nome, uf) VALUES ('Rinópolis', 'SP');
INSERT INTO cidade (nome, uf) VALUES ('Rio Claro', 'SP');
INSERT INTO cidade (nome, uf) VALUES ('Rio das Pedras', 'SP');
INSERT INTO cidade (nome, uf) VALUES ('Rio Grande da Serra', 'SP');
INSERT INTO cidade (nome, uf) VALUES ('Riolândia', 'SP');
INSERT INTO cidade (nome, uf) VALUES ('Rosana', 'SP');
INSERT INTO cidade (nome, uf) VALUES ('Roseira', 'SP');
INSERT INTO cidade (nome, uf) VALUES ('Rubiácea', 'SP');
INSERT INTO cidade (nome, uf) VALUES ('Rubinéia', 'SP');
INSERT INTO cidade (nome, uf) VALUES ('Sabino', 'SP');
INSERT INTO cidade (nome, uf) VALUES ('Sagres', 'SP');
INSERT INTO cidade (nome, uf) VALUES ('Sales', 'SP');
INSERT INTO cidade (nome, uf) VALUES ('Sales Oliveira', 'SP');
INSERT INTO cidade (nome, uf) VALUES ('Salesópolis', 'SP');
INSERT INTO cidade (nome, uf) VALUES ('Salmourão', 'SP');
INSERT INTO cidade (nome, uf) VALUES ('Saltinho', 'SP');
INSERT INTO cidade (nome, uf) VALUES ('Salto', 'SP');
INSERT INTO cidade (nome, uf) VALUES ('Salto de Pirapora', 'SP');
INSERT INTO cidade (nome, uf) VALUES ('Salto Grande', 'SP');
INSERT INTO cidade (nome, uf) VALUES ('Sandovalina', 'SP');
INSERT INTO cidade (nome, uf) VALUES ('Santa Adélia', 'SP');
INSERT INTO cidade (nome, uf) VALUES ('Santa Albertina', 'SP');
INSERT INTO cidade (nome, uf) VALUES ('Santa Bárbara D''Oeste', 'SP');
INSERT INTO cidade (nome, uf) VALUES ('Santa Branca', 'SP');
INSERT INTO cidade (nome, uf) VALUES ('Santa Clara D''Oeste', 'SP');
INSERT INTO cidade (nome, uf) VALUES ('Santa Cruz da Conceição', 'SP');
INSERT INTO cidade (nome, uf) VALUES ('Santa Cruz da Esperança', 'SP');
INSERT INTO cidade (nome, uf) VALUES ('Santa Cruz das Palmeiras', 'SP');
INSERT INTO cidade (nome, uf) VALUES ('Santa Cruz do Rio Pardo', 'SP');
INSERT INTO cidade (nome, uf) VALUES ('Santa Ernestina', 'SP');
INSERT INTO cidade (nome, uf) VALUES ('Santa Fé do Sul', 'SP');
INSERT INTO cidade (nome, uf) VALUES ('Santa Gertrudes', 'SP');
INSERT INTO cidade (nome, uf) VALUES ('Santa Isabel', 'SP');
INSERT INTO cidade (nome, uf) VALUES ('Santa Lúcia', 'SP');
INSERT INTO cidade (nome, uf) VALUES ('Santa Maria da Serra', 'SP');
INSERT INTO cidade (nome, uf) VALUES ('Santa Mercedes', 'SP');
INSERT INTO cidade (nome, uf) VALUES ('Santana da Ponte Pensa', 'SP');
INSERT INTO cidade (nome, uf) VALUES ('Santana de Parnaíba', 'SP');
INSERT INTO cidade (nome, uf) VALUES ('Santa Rita D''Oeste', 'SP');
INSERT INTO cidade (nome, uf) VALUES ('Santa Rita do Passa Quatro', 'SP');
INSERT INTO cidade (nome, uf) VALUES ('Santa Rosa de Viterbo', 'SP');
INSERT INTO cidade (nome, uf) VALUES ('Santa Salete', 'SP');
INSERT INTO cidade (nome, uf) VALUES ('Santo Anastácio', 'SP');
INSERT INTO cidade (nome, uf) VALUES ('Santo André', 'SP');
INSERT INTO cidade (nome, uf) VALUES ('Santo Antônio da Alegria', 'SP');
INSERT INTO cidade (nome, uf) VALUES ('Santo Antônio de Posse', 'SP');
INSERT INTO cidade (nome, uf) VALUES ('Santo Antônio do Aracanguá', 'SP');
INSERT INTO cidade (nome, uf) VALUES ('Santo Antônio do Jardim', 'SP');
INSERT INTO cidade (nome, uf) VALUES ('Santo Antônio do Pinhal', 'SP');
INSERT INTO cidade (nome, uf) VALUES ('Santo Expedito', 'SP');
INSERT INTO cidade (nome, uf) VALUES ('Santópolis do Aguapeí', 'SP');
INSERT INTO cidade (nome, uf) VALUES ('Santos', 'SP');
INSERT INTO cidade (nome, uf) VALUES ('São Bento do Sapucaí', 'SP');
INSERT INTO cidade (nome, uf) VALUES ('São Bernardo do Campo', 'SP');
INSERT INTO cidade (nome, uf) VALUES ('São Caetano do Sul', 'SP');
INSERT INTO cidade (nome, uf) VALUES ('São Carlos', 'SP');
INSERT INTO cidade (nome, uf) VALUES ('São Francisco', 'SP');
INSERT INTO cidade (nome, uf) VALUES ('São João da Boa Vista', 'SP');
INSERT INTO cidade (nome, uf) VALUES ('São João das Duas Pontes', 'SP');
INSERT INTO cidade (nome, uf) VALUES ('São João de Iracema', 'SP');
INSERT INTO cidade (nome, uf) VALUES ('São João do Pau D''Alho', 'SP');
INSERT INTO cidade (nome, uf) VALUES ('São Joaquim da Barra', 'SP');
INSERT INTO cidade (nome, uf) VALUES ('São José da Bela Vista', 'SP');
INSERT INTO cidade (nome, uf) VALUES ('São José do Barreiro', 'SP');
INSERT INTO cidade (nome, uf) VALUES ('São José do Rio Pardo', 'SP');
INSERT INTO cidade (nome, uf) VALUES ('São José do Rio Preto', 'SP');
INSERT INTO cidade (nome, uf) VALUES ('São José dos Campos', 'SP');
INSERT INTO cidade (nome, uf) VALUES ('São Lourenço da Serra', 'SP');
INSERT INTO cidade (nome, uf) VALUES ('São Luís do Paraitinga', 'SP');
INSERT INTO cidade (nome, uf) VALUES ('São Manuel', 'SP');
INSERT INTO cidade (nome, uf) VALUES ('São Miguel Arcanjo', 'SP');
INSERT INTO cidade (nome, uf) VALUES ('São Paulo', 'SP');
INSERT INTO cidade (nome, uf) VALUES ('São Pedro', 'SP');
INSERT INTO cidade (nome, uf) VALUES ('São Pedro do Turvo', 'SP');
INSERT INTO cidade (nome, uf) VALUES ('São Roque', 'SP');
INSERT INTO cidade (nome, uf) VALUES ('São Sebastião', 'SP');
INSERT INTO cidade (nome, uf) VALUES ('São Sebastião da Grama', 'SP');
INSERT INTO cidade (nome, uf) VALUES ('São Simão', 'SP');
INSERT INTO cidade (nome, uf) VALUES ('São Vicente', 'SP');
INSERT INTO cidade (nome, uf) VALUES ('Sarapuí', 'SP');
INSERT INTO cidade (nome, uf) VALUES ('Sarutaiá', 'SP');
INSERT INTO cidade (nome, uf) VALUES ('Sebastianópolis do Sul', 'SP');
INSERT INTO cidade (nome, uf) VALUES ('Serra Azul', 'SP');
INSERT INTO cidade (nome, uf) VALUES ('Serrana', 'SP');
INSERT INTO cidade (nome, uf) VALUES ('Serra Negra', 'SP');
INSERT INTO cidade (nome, uf) VALUES ('Sertãozinho', 'SP');
INSERT INTO cidade (nome, uf) VALUES ('Sete Barras', 'SP');
INSERT INTO cidade (nome, uf) VALUES ('Severínia', 'SP');
INSERT INTO cidade (nome, uf) VALUES ('Silveiras', 'SP');
INSERT INTO cidade (nome, uf) VALUES ('Socorro', 'SP');
INSERT INTO cidade (nome, uf) VALUES ('Sorocaba', 'SP');
INSERT INTO cidade (nome, uf) VALUES ('Sud Mennucci', 'SP');
INSERT INTO cidade (nome, uf) VALUES ('Sumaré', 'SP');
INSERT INTO cidade (nome, uf) VALUES ('Suzano', 'SP');
INSERT INTO cidade (nome, uf) VALUES ('Suzanápolis', 'SP');
INSERT INTO cidade (nome, uf) VALUES ('Tabapuã', 'SP');
INSERT INTO cidade (nome, uf) VALUES ('Tabatinga', 'SP');
INSERT INTO cidade (nome, uf) VALUES ('Taboão da Serra', 'SP');
INSERT INTO cidade (nome, uf) VALUES ('Taciba', 'SP');
INSERT INTO cidade (nome, uf) VALUES ('Taguaí', 'SP');
INSERT INTO cidade (nome, uf) VALUES ('Taiaçu', 'SP');
INSERT INTO cidade (nome, uf) VALUES ('Taiúva', 'SP');
INSERT INTO cidade (nome, uf) VALUES ('Tambaú', 'SP');
INSERT INTO cidade (nome, uf) VALUES ('Tanabi', 'SP');
INSERT INTO cidade (nome, uf) VALUES ('Tapiraí', 'SP');
INSERT INTO cidade (nome, uf) VALUES ('Tapiratiba', 'SP');
INSERT INTO cidade (nome, uf) VALUES ('Taquaral', 'SP');
INSERT INTO cidade (nome, uf) VALUES ('Taquaritinga', 'SP');
INSERT INTO cidade (nome, uf) VALUES ('Taquarituba', 'SP');
INSERT INTO cidade (nome, uf) VALUES ('Taquarivaí', 'SP');
INSERT INTO cidade (nome, uf) VALUES ('Tarabai', 'SP');
INSERT INTO cidade (nome, uf) VALUES ('Tarumã', 'SP');
INSERT INTO cidade (nome, uf) VALUES ('Tatuí', 'SP');
INSERT INTO cidade (nome, uf) VALUES ('Taubaté', 'SP');
INSERT INTO cidade (nome, uf) VALUES ('Tejupá', 'SP');
INSERT INTO cidade (nome, uf) VALUES ('Teodoro Sampaio', 'SP');
INSERT INTO cidade (nome, uf) VALUES ('Terra Roxa', 'SP');
INSERT INTO cidade (nome, uf) VALUES ('Tietê', 'SP');
INSERT INTO cidade (nome, uf) VALUES ('Timburi', 'SP');
INSERT INTO cidade (nome, uf) VALUES ('Torre de Pedra', 'SP');
INSERT INTO cidade (nome, uf) VALUES ('Torrinha', 'SP');
INSERT INTO cidade (nome, uf) VALUES ('Trabiju', 'SP');
INSERT INTO cidade (nome, uf) VALUES ('Tremembé', 'SP');
INSERT INTO cidade (nome, uf) VALUES ('Três Fronteiras', 'SP');
INSERT INTO cidade (nome, uf) VALUES ('Tuiuti', 'SP');
INSERT INTO cidade (nome, uf) VALUES ('Tupã', 'SP');
INSERT INTO cidade (nome, uf) VALUES ('Tupi Paulista', 'SP');
INSERT INTO cidade (nome, uf) VALUES ('Turiúba', 'SP');
INSERT INTO cidade (nome, uf) VALUES ('Turmalina', 'SP');
INSERT INTO cidade (nome, uf) VALUES ('Ubarana', 'SP');
INSERT INTO cidade (nome, uf) VALUES ('Ubatuba', 'SP');
INSERT INTO cidade (nome, uf) VALUES ('Ubirajara', 'SP');
INSERT INTO cidade (nome, uf) VALUES ('Uchoa', 'SP');
INSERT INTO cidade (nome, uf) VALUES ('União Paulista', 'SP');
INSERT INTO cidade (nome, uf) VALUES ('Urânia', 'SP');
INSERT INTO cidade (nome, uf) VALUES ('Uru', 'SP');
INSERT INTO cidade (nome, uf) VALUES ('Urupês', 'SP');
INSERT INTO cidade (nome, uf) VALUES ('Valentim Gentil', 'SP');
INSERT INTO cidade (nome, uf) VALUES ('Valinhos', 'SP');
INSERT INTO cidade (nome, uf) VALUES ('Valparaíso', 'SP');
INSERT INTO cidade (nome, uf) VALUES ('Vargem', 'SP');
INSERT INTO cidade (nome, uf) VALUES ('Vargem Grande do Sul', 'SP');
INSERT INTO cidade (nome, uf) VALUES ('Vargem Grande Paulista', 'SP');
INSERT INTO cidade (nome, uf) VALUES ('Várzea Paulista', 'SP');
INSERT INTO cidade (nome, uf) VALUES ('Vera Cruz', 'SP');
INSERT INTO cidade (nome, uf) VALUES ('Vinhedo', 'SP');
INSERT INTO cidade (nome, uf) VALUES ('Viradouro', 'SP');
INSERT INTO cidade (nome, uf) VALUES ('Vista Alegre do Alto', 'SP');
INSERT INTO cidade (nome, uf) VALUES ('Vitória Brasil', 'SP');
INSERT INTO cidade (nome, uf) VALUES ('Votorantim', 'SP');
INSERT INTO cidade (nome, uf) VALUES ('Votuporanga', 'SP');
INSERT INTO cidade (nome, uf) VALUES ('Zacarias', 'SP');
INSERT INTO cidade (nome, uf) VALUES ('Chavantes', 'SP');
INSERT INTO cidade (nome, uf) VALUES ('Estiva Gerbi', 'SP');
INSERT INTO cidade (nome, uf) VALUES ('Abatiá', 'PR');
INSERT INTO cidade (nome, uf) VALUES ('Adrianópolis', 'PR');
INSERT INTO cidade (nome, uf) VALUES ('Agudos do Sul', 'PR');
INSERT INTO cidade (nome, uf) VALUES ('Almirante Tamandaré', 'PR');
INSERT INTO cidade (nome, uf) VALUES ('Altamira do Paraná', 'PR');
INSERT INTO cidade (nome, uf) VALUES ('Altônia', 'PR');
INSERT INTO cidade (nome, uf) VALUES ('Alto Paraná', 'PR');
INSERT INTO cidade (nome, uf) VALUES ('Alto Piquiri', 'PR');
INSERT INTO cidade (nome, uf) VALUES ('Alvorada do Sul', 'PR');
INSERT INTO cidade (nome, uf) VALUES ('Amaporã', 'PR');
INSERT INTO cidade (nome, uf) VALUES ('Ampére', 'PR');
INSERT INTO cidade (nome, uf) VALUES ('Anahy', 'PR');
INSERT INTO cidade (nome, uf) VALUES ('Andirá', 'PR');
INSERT INTO cidade (nome, uf) VALUES (' ngulo', 'PR');
INSERT INTO cidade (nome, uf) VALUES ('Antonina', 'PR');
INSERT INTO cidade (nome, uf) VALUES ('Antônio Olinto', 'PR');
INSERT INTO cidade (nome, uf) VALUES ('Apucarana', 'PR');
INSERT INTO cidade (nome, uf) VALUES ('Arapongas', 'PR');
INSERT INTO cidade (nome, uf) VALUES ('Arapoti', 'PR');
INSERT INTO cidade (nome, uf) VALUES ('Arapuã', 'PR');
INSERT INTO cidade (nome, uf) VALUES ('Araruna', 'PR');
INSERT INTO cidade (nome, uf) VALUES ('Araucária', 'PR');
INSERT INTO cidade (nome, uf) VALUES ('Ariranha do Ivaí', 'PR');
INSERT INTO cidade (nome, uf) VALUES ('Assaí', 'PR');
INSERT INTO cidade (nome, uf) VALUES ('Assis Chateaubriand', 'PR');
INSERT INTO cidade (nome, uf) VALUES ('Astorga', 'PR');
INSERT INTO cidade (nome, uf) VALUES ('Atalaia', 'PR');
INSERT INTO cidade (nome, uf) VALUES ('Balsa Nova', 'PR');
INSERT INTO cidade (nome, uf) VALUES ('Bandeirantes', 'PR');
INSERT INTO cidade (nome, uf) VALUES ('Barbosa Ferraz', 'PR');
INSERT INTO cidade (nome, uf) VALUES ('Barracão', 'PR');
INSERT INTO cidade (nome, uf) VALUES ('Barra do Jacaré', 'PR');
INSERT INTO cidade (nome, uf) VALUES ('Bela Vista da Caroba', 'PR');
INSERT INTO cidade (nome, uf) VALUES ('Bela Vista do Paraíso', 'PR');
INSERT INTO cidade (nome, uf) VALUES ('Bituruna', 'PR');
INSERT INTO cidade (nome, uf) VALUES ('Boa Esperança', 'PR');
INSERT INTO cidade (nome, uf) VALUES ('Boa Esperança do Iguaçu', 'PR');
INSERT INTO cidade (nome, uf) VALUES ('Boa Ventura de São Roque', 'PR');
INSERT INTO cidade (nome, uf) VALUES ('Boa Vista da Aparecida', 'PR');
INSERT INTO cidade (nome, uf) VALUES ('Bocaiúva do Sul', 'PR');
INSERT INTO cidade (nome, uf) VALUES ('Bom Jesus do Sul', 'PR');
INSERT INTO cidade (nome, uf) VALUES ('Bom Sucesso', 'PR');
INSERT INTO cidade (nome, uf) VALUES ('Bom Sucesso do Sul', 'PR');
INSERT INTO cidade (nome, uf) VALUES ('Borrazópolis', 'PR');
INSERT INTO cidade (nome, uf) VALUES ('Braganey', 'PR');
INSERT INTO cidade (nome, uf) VALUES ('Brasilândia do Sul', 'PR');
INSERT INTO cidade (nome, uf) VALUES ('Cafeara', 'PR');
INSERT INTO cidade (nome, uf) VALUES ('Cafelândia', 'PR');
INSERT INTO cidade (nome, uf) VALUES ('Cafezal do Sul', 'PR');
INSERT INTO cidade (nome, uf) VALUES ('Califórnia', 'PR');
INSERT INTO cidade (nome, uf) VALUES ('Cambará', 'PR');
INSERT INTO cidade (nome, uf) VALUES ('Cambé', 'PR');
INSERT INTO cidade (nome, uf) VALUES ('Cambira', 'PR');
INSERT INTO cidade (nome, uf) VALUES ('Campina da Lagoa', 'PR');
INSERT INTO cidade (nome, uf) VALUES ('Campina do Simão', 'PR');
INSERT INTO cidade (nome, uf) VALUES ('Campina Grande do Sul', 'PR');
INSERT INTO cidade (nome, uf) VALUES ('Campo Bonito', 'PR');
INSERT INTO cidade (nome, uf) VALUES ('Campo do Tenente', 'PR');
INSERT INTO cidade (nome, uf) VALUES ('Campo Largo', 'PR');
INSERT INTO cidade (nome, uf) VALUES ('Campo Magro', 'PR');
INSERT INTO cidade (nome, uf) VALUES ('Campo Mourão', 'PR');
INSERT INTO cidade (nome, uf) VALUES ('Cândido de Abreu', 'PR');
INSERT INTO cidade (nome, uf) VALUES ('Candói', 'PR');
INSERT INTO cidade (nome, uf) VALUES ('Cantagalo', 'PR');
INSERT INTO cidade (nome, uf) VALUES ('Capanema', 'PR');
INSERT INTO cidade (nome, uf) VALUES ('Capitão Leônidas Marques', 'PR');
INSERT INTO cidade (nome, uf) VALUES ('Carambeí', 'PR');
INSERT INTO cidade (nome, uf) VALUES ('Carlópolis', 'PR');
INSERT INTO cidade (nome, uf) VALUES ('Cascavel', 'PR');
INSERT INTO cidade (nome, uf) VALUES ('Castro', 'PR');
INSERT INTO cidade (nome, uf) VALUES ('Catanduvas', 'PR');
INSERT INTO cidade (nome, uf) VALUES ('Centenário do Sul', 'PR');
INSERT INTO cidade (nome, uf) VALUES ('Cerro Azul', 'PR');
INSERT INTO cidade (nome, uf) VALUES ('Céu Azul', 'PR');
INSERT INTO cidade (nome, uf) VALUES ('Chopinzinho', 'PR');
INSERT INTO cidade (nome, uf) VALUES ('Cianorte', 'PR');
INSERT INTO cidade (nome, uf) VALUES ('Cidade Gaúcha', 'PR');
INSERT INTO cidade (nome, uf) VALUES ('Clevelândia', 'PR');
INSERT INTO cidade (nome, uf) VALUES ('Colombo', 'PR');
INSERT INTO cidade (nome, uf) VALUES ('Colorado', 'PR');
INSERT INTO cidade (nome, uf) VALUES ('Congonhinhas', 'PR');
INSERT INTO cidade (nome, uf) VALUES ('Conselheiro Mairinck', 'PR');
INSERT INTO cidade (nome, uf) VALUES ('Contenda', 'PR');
INSERT INTO cidade (nome, uf) VALUES ('Corbélia', 'PR');
INSERT INTO cidade (nome, uf) VALUES ('Cornélio Procópio', 'PR');
INSERT INTO cidade (nome, uf) VALUES ('Coronel Domingos Soares', 'PR');
INSERT INTO cidade (nome, uf) VALUES ('Coronel Vivida', 'PR');
INSERT INTO cidade (nome, uf) VALUES ('Corumbataí do Sul', 'PR');
INSERT INTO cidade (nome, uf) VALUES ('Cruzeiro do Iguaçu', 'PR');
INSERT INTO cidade (nome, uf) VALUES ('Cruzeiro do Oeste', 'PR');
INSERT INTO cidade (nome, uf) VALUES ('Cruzeiro do Sul', 'PR');
INSERT INTO cidade (nome, uf) VALUES ('Cruz Machado', 'PR');
INSERT INTO cidade (nome, uf) VALUES ('Cruzmaltina', 'PR');
INSERT INTO cidade (nome, uf) VALUES ('Curitiba', 'PR');
INSERT INTO cidade (nome, uf) VALUES ('Curiúva', 'PR');
INSERT INTO cidade (nome, uf) VALUES ('Diamante do Norte', 'PR');
INSERT INTO cidade (nome, uf) VALUES ('Diamante do Sul', 'PR');
INSERT INTO cidade (nome, uf) VALUES ('Diamante D''Oeste', 'PR');
INSERT INTO cidade (nome, uf) VALUES ('Dois Vizinhos', 'PR');
INSERT INTO cidade (nome, uf) VALUES ('Douradina', 'PR');
INSERT INTO cidade (nome, uf) VALUES ('Doutor Camargo', 'PR');
INSERT INTO cidade (nome, uf) VALUES ('Enéas Marques', 'PR');
INSERT INTO cidade (nome, uf) VALUES ('Engenheiro Beltrão', 'PR');
INSERT INTO cidade (nome, uf) VALUES ('Esperança Nova', 'PR');
INSERT INTO cidade (nome, uf) VALUES ('Entre Rios do Oeste', 'PR');
INSERT INTO cidade (nome, uf) VALUES ('Espigão Alto do Iguaçu', 'PR');
INSERT INTO cidade (nome, uf) VALUES ('Farol', 'PR');
INSERT INTO cidade (nome, uf) VALUES ('Faxinal', 'PR');
INSERT INTO cidade (nome, uf) VALUES ('Fazenda Rio Grande', 'PR');
INSERT INTO cidade (nome, uf) VALUES ('Fênix', 'PR');
INSERT INTO cidade (nome, uf) VALUES ('Fernandes Pinheiro', 'PR');
INSERT INTO cidade (nome, uf) VALUES ('Figueira', 'PR');
INSERT INTO cidade (nome, uf) VALUES ('Floraí', 'PR');
INSERT INTO cidade (nome, uf) VALUES ('Flor da Serra do Sul', 'PR');
INSERT INTO cidade (nome, uf) VALUES ('Floresta', 'PR');
INSERT INTO cidade (nome, uf) VALUES ('Florestópolis', 'PR');
INSERT INTO cidade (nome, uf) VALUES ('Flórida', 'PR');
INSERT INTO cidade (nome, uf) VALUES ('Formosa do Oeste', 'PR');
INSERT INTO cidade (nome, uf) VALUES ('Foz do Iguaçu', 'PR');
INSERT INTO cidade (nome, uf) VALUES ('Francisco Alves', 'PR');
INSERT INTO cidade (nome, uf) VALUES ('Francisco Beltrão', 'PR');
INSERT INTO cidade (nome, uf) VALUES ('Foz do Jordão', 'PR');
INSERT INTO cidade (nome, uf) VALUES ('General Carneiro', 'PR');
INSERT INTO cidade (nome, uf) VALUES ('Godoy Moreira', 'PR');
INSERT INTO cidade (nome, uf) VALUES ('Goioerê', 'PR');
INSERT INTO cidade (nome, uf) VALUES ('Goioxim', 'PR');
INSERT INTO cidade (nome, uf) VALUES ('Grandes Rios', 'PR');
INSERT INTO cidade (nome, uf) VALUES ('Guaíra', 'PR');
INSERT INTO cidade (nome, uf) VALUES ('Guairaçá', 'PR');
INSERT INTO cidade (nome, uf) VALUES ('Guamiranga', 'PR');
INSERT INTO cidade (nome, uf) VALUES ('Guapirama', 'PR');
INSERT INTO cidade (nome, uf) VALUES ('Guaporema', 'PR');
INSERT INTO cidade (nome, uf) VALUES ('Guaraci', 'PR');
INSERT INTO cidade (nome, uf) VALUES ('Guaraniaçu', 'PR');
INSERT INTO cidade (nome, uf) VALUES ('Abdon Batista', 'SC');
INSERT INTO cidade (nome, uf) VALUES ('Abelardo Luz', 'SC');
INSERT INTO cidade (nome, uf) VALUES ('Agrolândia', 'SC');
INSERT INTO cidade (nome, uf) VALUES ('Agronômica', 'SC');
INSERT INTO cidade (nome, uf) VALUES ('Água Doce', 'SC');
INSERT INTO cidade (nome, uf) VALUES ('Águas de Chapecó', 'SC');
INSERT INTO cidade (nome, uf) VALUES ('Águas Frias', 'SC');
INSERT INTO cidade (nome, uf) VALUES ('Águas Mornas', 'SC');
INSERT INTO cidade (nome, uf) VALUES ('Alfredo Wagner', 'SC');
INSERT INTO cidade (nome, uf) VALUES ('Alto Bela Vista', 'SC');
INSERT INTO cidade (nome, uf) VALUES ('Anchieta', 'SC');
INSERT INTO cidade (nome, uf) VALUES ('Angelina', 'SC');
INSERT INTO cidade (nome, uf) VALUES ('Anita Garibaldi', 'SC');
INSERT INTO cidade (nome, uf) VALUES ('Anitápolis', 'SC');
INSERT INTO cidade (nome, uf) VALUES ('Antônio Carlos', 'SC');
INSERT INTO cidade (nome, uf) VALUES ('Apiúna', 'SC');
INSERT INTO cidade (nome, uf) VALUES ('Arabutã', 'SC');
INSERT INTO cidade (nome, uf) VALUES ('Araquari', 'SC');
INSERT INTO cidade (nome, uf) VALUES ('Araranguá', 'SC');
INSERT INTO cidade (nome, uf) VALUES ('Armazém', 'SC');
INSERT INTO cidade (nome, uf) VALUES ('Arroio Trinta', 'SC');
INSERT INTO cidade (nome, uf) VALUES ('Arvoredo', 'SC');
INSERT INTO cidade (nome, uf) VALUES ('Ascurra', 'SC');
INSERT INTO cidade (nome, uf) VALUES ('Atalanta', 'SC');
INSERT INTO cidade (nome, uf) VALUES ('Aurora', 'SC');
INSERT INTO cidade (nome, uf) VALUES ('Balneário Arroio do Silva', 'SC');
INSERT INTO cidade (nome, uf) VALUES ('Balneário Camboriú', 'SC');
INSERT INTO cidade (nome, uf) VALUES ('Balneário Barra do Sul', 'SC');
INSERT INTO cidade (nome, uf) VALUES ('Balneário Gaivota', 'SC');
INSERT INTO cidade (nome, uf) VALUES ('Bandeirante', 'SC');
INSERT INTO cidade (nome, uf) VALUES ('Barra Bonita', 'SC');
INSERT INTO cidade (nome, uf) VALUES ('Barra Velha', 'SC');
INSERT INTO cidade (nome, uf) VALUES ('Bela Vista do Toldo', 'SC');
INSERT INTO cidade (nome, uf) VALUES ('Belmonte', 'SC');
INSERT INTO cidade (nome, uf) VALUES ('Benedito Novo', 'SC');
INSERT INTO cidade (nome, uf) VALUES ('Biguaçu', 'SC');
INSERT INTO cidade (nome, uf) VALUES ('Blumenau', 'SC');
INSERT INTO cidade (nome, uf) VALUES ('Bocaina do Sul', 'SC');
INSERT INTO cidade (nome, uf) VALUES ('Bombinhas', 'SC');
INSERT INTO cidade (nome, uf) VALUES ('Bom Jardim da Serra', 'SC');
INSERT INTO cidade (nome, uf) VALUES ('Bom Jesus', 'SC');
INSERT INTO cidade (nome, uf) VALUES ('Bom Jesus do Oeste', 'SC');
INSERT INTO cidade (nome, uf) VALUES ('Bom Retiro', 'SC');
INSERT INTO cidade (nome, uf) VALUES ('Botuverá', 'SC');
INSERT INTO cidade (nome, uf) VALUES ('Braço do Norte', 'SC');
INSERT INTO cidade (nome, uf) VALUES ('Braço do Trombudo', 'SC');
INSERT INTO cidade (nome, uf) VALUES ('Brunópolis', 'SC');
INSERT INTO cidade (nome, uf) VALUES ('Brusque', 'SC');
INSERT INTO cidade (nome, uf) VALUES ('Caçador', 'SC');
INSERT INTO cidade (nome, uf) VALUES ('Caibi', 'SC');
INSERT INTO cidade (nome, uf) VALUES ('Calmon', 'SC');
INSERT INTO cidade (nome, uf) VALUES ('Camboriú', 'SC');
INSERT INTO cidade (nome, uf) VALUES ('Capão Alto', 'SC');
INSERT INTO cidade (nome, uf) VALUES ('Campo Alegre', 'SC');
INSERT INTO cidade (nome, uf) VALUES ('Campo Belo do Sul', 'SC');
INSERT INTO cidade (nome, uf) VALUES ('Campo Erê', 'SC');
INSERT INTO cidade (nome, uf) VALUES ('Campos Novos', 'SC');
INSERT INTO cidade (nome, uf) VALUES ('Canelinha', 'SC');
INSERT INTO cidade (nome, uf) VALUES ('Canoinhas', 'SC');
INSERT INTO cidade (nome, uf) VALUES ('Capinzal', 'SC');
INSERT INTO cidade (nome, uf) VALUES ('Capivari de Baixo', 'SC');
INSERT INTO cidade (nome, uf) VALUES ('Catanduvas', 'SC');
INSERT INTO cidade (nome, uf) VALUES ('Caxambu do Sul', 'SC');
INSERT INTO cidade (nome, uf) VALUES ('Celso Ramos', 'SC');
INSERT INTO cidade (nome, uf) VALUES ('Cerro Negro', 'SC');
INSERT INTO cidade (nome, uf) VALUES ('Chapadão do Lageado', 'SC');
INSERT INTO cidade (nome, uf) VALUES ('Chapecó', 'SC');
INSERT INTO cidade (nome, uf) VALUES ('Cocal do Sul', 'SC');
INSERT INTO cidade (nome, uf) VALUES ('Concórdia', 'SC');
INSERT INTO cidade (nome, uf) VALUES ('Cordilheira Alta', 'SC');
INSERT INTO cidade (nome, uf) VALUES ('Coronel Freitas', 'SC');
INSERT INTO cidade (nome, uf) VALUES ('Coronel Martins', 'SC');
INSERT INTO cidade (nome, uf) VALUES ('Corupá', 'SC');
INSERT INTO cidade (nome, uf) VALUES ('Aceguá', 'RS');
INSERT INTO cidade (nome, uf) VALUES ('Água Santa', 'RS');
INSERT INTO cidade (nome, uf) VALUES ('Agudo', 'RS');
INSERT INTO cidade (nome, uf) VALUES ('Ajuricaba', 'RS');
INSERT INTO cidade (nome, uf) VALUES ('Alecrim', 'RS');
INSERT INTO cidade (nome, uf) VALUES ('Alegrete', 'RS');
INSERT INTO cidade (nome, uf) VALUES ('Alegria', 'RS');
INSERT INTO cidade (nome, uf) VALUES ('Almirante Tamandaré do Sul', 'RS');
INSERT INTO cidade (nome, uf) VALUES ('Alpestre', 'RS');
INSERT INTO cidade (nome, uf) VALUES ('Alto Alegre', 'RS');
INSERT INTO cidade (nome, uf) VALUES ('Alto Feliz', 'RS');
INSERT INTO cidade (nome, uf) VALUES ('Alvorada', 'RS');
INSERT INTO cidade (nome, uf) VALUES ('Amaral Ferrador', 'RS');
INSERT INTO cidade (nome, uf) VALUES ('Ametista do Sul', 'RS');
INSERT INTO cidade (nome, uf) VALUES ('André da Rocha', 'RS');
INSERT INTO cidade (nome, uf) VALUES ('Anta Gorda', 'RS');
INSERT INTO cidade (nome, uf) VALUES ('Antônio Prado', 'RS');
INSERT INTO cidade (nome, uf) VALUES ('Arambaré', 'RS');
INSERT INTO cidade (nome, uf) VALUES ('Araricá', 'RS');
INSERT INTO cidade (nome, uf) VALUES ('Aratiba', 'RS');
INSERT INTO cidade (nome, uf) VALUES ('Arroio do Meio', 'RS');
INSERT INTO cidade (nome, uf) VALUES ('Arroio do Sal', 'RS');
INSERT INTO cidade (nome, uf) VALUES ('Arroio do Padre', 'RS');
INSERT INTO cidade (nome, uf) VALUES ('Arroio dos Ratos', 'RS');
INSERT INTO cidade (nome, uf) VALUES ('Arroio do Tigre', 'RS');
INSERT INTO cidade (nome, uf) VALUES ('Arroio Grande', 'RS');
INSERT INTO cidade (nome, uf) VALUES ('Arvorezinha', 'RS');
INSERT INTO cidade (nome, uf) VALUES ('Augusto Pestana', 'RS');
INSERT INTO cidade (nome, uf) VALUES ('Áurea', 'RS');
INSERT INTO cidade (nome, uf) VALUES ('Bagé', 'RS');
INSERT INTO cidade (nome, uf) VALUES ('Balneário Pinhal', 'RS');
INSERT INTO cidade (nome, uf) VALUES ('Barão', 'RS');
INSERT INTO cidade (nome, uf) VALUES ('Barão de Cotegipe', 'RS');
INSERT INTO cidade (nome, uf) VALUES ('Barão do Triunfo', 'RS');
INSERT INTO cidade (nome, uf) VALUES ('Barracão', 'RS');
INSERT INTO cidade (nome, uf) VALUES ('Barra do Guarita', 'RS');
INSERT INTO cidade (nome, uf) VALUES ('Barra do Quaraí', 'RS');
INSERT INTO cidade (nome, uf) VALUES ('Barra do Ribeiro', 'RS');
INSERT INTO cidade (nome, uf) VALUES ('Barra do Rio Azul', 'RS');
INSERT INTO cidade (nome, uf) VALUES ('Barra Funda', 'RS');
INSERT INTO cidade (nome, uf) VALUES ('Barros Cassal', 'RS');
INSERT INTO cidade (nome, uf) VALUES ('Benjamin Constant do Sul', 'RS');
INSERT INTO cidade (nome, uf) VALUES ('Bento Gonçalves', 'RS');
INSERT INTO cidade (nome, uf) VALUES ('Boa Vista das Missões', 'RS');
INSERT INTO cidade (nome, uf) VALUES ('Boa Vista do Buricá', 'RS');
INSERT INTO cidade (nome, uf) VALUES ('Boa Vista do Cadeado', 'RS');
INSERT INTO cidade (nome, uf) VALUES ('Boa Vista do Incra', 'RS');
INSERT INTO cidade (nome, uf) VALUES ('Boa Vista do Sul', 'RS');
INSERT INTO cidade (nome, uf) VALUES ('Bom Jesus', 'RS');
INSERT INTO cidade (nome, uf) VALUES ('Bom Princípio', 'RS');
INSERT INTO cidade (nome, uf) VALUES ('Bom Progresso', 'RS');
INSERT INTO cidade (nome, uf) VALUES ('Bom Retiro do Sul', 'RS');
INSERT INTO cidade (nome, uf) VALUES ('Boqueirão do Leão', 'RS');
INSERT INTO cidade (nome, uf) VALUES ('Bossoroca', 'RS');
INSERT INTO cidade (nome, uf) VALUES ('Bozano', 'RS');
INSERT INTO cidade (nome, uf) VALUES ('Braga', 'RS');
INSERT INTO cidade (nome, uf) VALUES ('Brochier', 'RS');
INSERT INTO cidade (nome, uf) VALUES ('Butiá', 'RS');
INSERT INTO cidade (nome, uf) VALUES ('Caçapava do Sul', 'RS');
INSERT INTO cidade (nome, uf) VALUES ('Cacequi', 'RS');
INSERT INTO cidade (nome, uf) VALUES ('Cachoeira do Sul', 'RS');
INSERT INTO cidade (nome, uf) VALUES ('Cachoeirinha', 'RS');
INSERT INTO cidade (nome, uf) VALUES ('Cacique Doble', 'RS');
INSERT INTO cidade (nome, uf) VALUES ('Caibaté', 'RS');
INSERT INTO cidade (nome, uf) VALUES ('Caiçara', 'RS');
INSERT INTO cidade (nome, uf) VALUES ('Camaquã', 'RS');
INSERT INTO cidade (nome, uf) VALUES ('Camargo', 'RS');
INSERT INTO cidade (nome, uf) VALUES ('Cambará do Sul', 'RS');
INSERT INTO cidade (nome, uf) VALUES ('Campestre da Serra', 'RS');
INSERT INTO cidade (nome, uf) VALUES ('Campina das Missões', 'RS');
INSERT INTO cidade (nome, uf) VALUES ('Campinas do Sul', 'RS');
INSERT INTO cidade (nome, uf) VALUES ('Campo Bom', 'RS');
INSERT INTO cidade (nome, uf) VALUES ('Campo Novo', 'RS');
INSERT INTO cidade (nome, uf) VALUES ('Campos Borges', 'RS');
INSERT INTO cidade (nome, uf) VALUES ('Candelária', 'RS');
INSERT INTO cidade (nome, uf) VALUES ('Cândido Godói', 'RS');
INSERT INTO cidade (nome, uf) VALUES ('Candiota', 'RS');
INSERT INTO cidade (nome, uf) VALUES ('Canela', 'RS');
INSERT INTO cidade (nome, uf) VALUES ('Canguçu', 'RS');
INSERT INTO cidade (nome, uf) VALUES ('Canoas', 'RS');
INSERT INTO cidade (nome, uf) VALUES ('Canudos do Vale', 'RS');
INSERT INTO cidade (nome, uf) VALUES ('Capão Bonito do Sul', 'RS');
INSERT INTO cidade (nome, uf) VALUES ('Capão da Canoa', 'RS');
INSERT INTO cidade (nome, uf) VALUES ('Capão do Cipó', 'RS');
INSERT INTO cidade (nome, uf) VALUES ('Capão do Leão', 'RS');
INSERT INTO cidade (nome, uf) VALUES ('Capivari do Sul', 'RS');
INSERT INTO cidade (nome, uf) VALUES ('Capela de Santana', 'RS');
INSERT INTO cidade (nome, uf) VALUES ('Capitão', 'RS');
INSERT INTO cidade (nome, uf) VALUES ('Carazinho', 'RS');
INSERT INTO cidade (nome, uf) VALUES ('Caraá', 'RS');
INSERT INTO cidade (nome, uf) VALUES ('Carlos Barbosa', 'RS');
INSERT INTO cidade (nome, uf) VALUES ('Carlos Gomes', 'RS');
INSERT INTO cidade (nome, uf) VALUES ('Casca', 'RS');
INSERT INTO cidade (nome, uf) VALUES ('Caseiros', 'RS');
INSERT INTO cidade (nome, uf) VALUES ('Catuípe', 'RS');
INSERT INTO cidade (nome, uf) VALUES ('Caxias do Sul', 'RS');
INSERT INTO cidade (nome, uf) VALUES ('Centenário', 'RS');
INSERT INTO cidade (nome, uf) VALUES ('Cerrito', 'RS');
INSERT INTO cidade (nome, uf) VALUES ('Cerro Branco', 'RS');
INSERT INTO cidade (nome, uf) VALUES ('Cerro Grande', 'RS');
INSERT INTO cidade (nome, uf) VALUES ('Cerro Grande do Sul', 'RS');
INSERT INTO cidade (nome, uf) VALUES ('Cerro Largo', 'RS');
INSERT INTO cidade (nome, uf) VALUES ('Chapada', 'RS');
INSERT INTO cidade (nome, uf) VALUES ('Charqueadas', 'RS');
INSERT INTO cidade (nome, uf) VALUES ('Charrua', 'RS');
INSERT INTO cidade (nome, uf) VALUES ('Chiapetta', 'RS');
INSERT INTO cidade (nome, uf) VALUES ('Chuí', 'RS');
INSERT INTO cidade (nome, uf) VALUES ('Chuvisca', 'RS');
INSERT INTO cidade (nome, uf) VALUES ('Cidreira', 'RS');
INSERT INTO cidade (nome, uf) VALUES ('Ciríaco', 'RS');
INSERT INTO cidade (nome, uf) VALUES ('Colinas', 'RS');
INSERT INTO cidade (nome, uf) VALUES ('Água Clara', 'MS');
INSERT INTO cidade (nome, uf) VALUES ('Alcinópolis', 'MS');
INSERT INTO cidade (nome, uf) VALUES ('Amambai', 'MS');
INSERT INTO cidade (nome, uf) VALUES ('Anastácio', 'MS');
INSERT INTO cidade (nome, uf) VALUES ('Anaurilândia', 'MS');
INSERT INTO cidade (nome, uf) VALUES ('Angélica', 'MS');
INSERT INTO cidade (nome, uf) VALUES ('Antônio João', 'MS');
INSERT INTO cidade (nome, uf) VALUES ('Aparecida do Taboado', 'MS');
INSERT INTO cidade (nome, uf) VALUES ('Aquidauana', 'MS');
INSERT INTO cidade (nome, uf) VALUES ('Aral Moreira', 'MS');
INSERT INTO cidade (nome, uf) VALUES ('Bandeirantes', 'MS');
INSERT INTO cidade (nome, uf) VALUES ('Bataguassu', 'MS');
INSERT INTO cidade (nome, uf) VALUES ('Batayporã', 'MS');
INSERT INTO cidade (nome, uf) VALUES ('Bela Vista', 'MS');
INSERT INTO cidade (nome, uf) VALUES ('Bodoquena', 'MS');
INSERT INTO cidade (nome, uf) VALUES ('Bonito', 'MS');
INSERT INTO cidade (nome, uf) VALUES ('Brasilândia', 'MS');
INSERT INTO cidade (nome, uf) VALUES ('Caarapó', 'MS');
INSERT INTO cidade (nome, uf) VALUES ('Camapuã', 'MS');
INSERT INTO cidade (nome, uf) VALUES ('Campo Grande', 'MS');
INSERT INTO cidade (nome, uf) VALUES ('Caracol', 'MS');
INSERT INTO cidade (nome, uf) VALUES ('Cassilândia', 'MS');
INSERT INTO cidade (nome, uf) VALUES ('Chapadão do Sul', 'MS');
INSERT INTO cidade (nome, uf) VALUES ('Corguinho', 'MS');
INSERT INTO cidade (nome, uf) VALUES ('Coronel Sapucaia', 'MS');
INSERT INTO cidade (nome, uf) VALUES ('Corumbá', 'MS');
INSERT INTO cidade (nome, uf) VALUES ('Costa Rica', 'MS');
INSERT INTO cidade (nome, uf) VALUES ('Coxim', 'MS');
INSERT INTO cidade (nome, uf) VALUES ('Deodápolis', 'MS');
INSERT INTO cidade (nome, uf) VALUES ('Dois Irmãos do Buriti', 'MS');
INSERT INTO cidade (nome, uf) VALUES ('Douradina', 'MS');
INSERT INTO cidade (nome, uf) VALUES ('Dourados', 'MS');
INSERT INTO cidade (nome, uf) VALUES ('Eldorado', 'MS');
INSERT INTO cidade (nome, uf) VALUES ('Fátima do Sul', 'MS');
INSERT INTO cidade (nome, uf) VALUES ('Figueirão', 'MS');
INSERT INTO cidade (nome, uf) VALUES ('Glória de Dourados', 'MS');
INSERT INTO cidade (nome, uf) VALUES ('Guia Lopes da Laguna', 'MS');
INSERT INTO cidade (nome, uf) VALUES ('Iguatemi', 'MS');
INSERT INTO cidade (nome, uf) VALUES ('Inocência', 'MS');
INSERT INTO cidade (nome, uf) VALUES ('Itaporã', 'MS');
INSERT INTO cidade (nome, uf) VALUES ('Itaquiraí', 'MS');
INSERT INTO cidade (nome, uf) VALUES ('Acorizal', 'MT');
INSERT INTO cidade (nome, uf) VALUES ('Água Boa', 'MT');
INSERT INTO cidade (nome, uf) VALUES ('Alta Floresta', 'MT');
INSERT INTO cidade (nome, uf) VALUES ('Alto Araguaia', 'MT');
INSERT INTO cidade (nome, uf) VALUES ('Alto Boa Vista', 'MT');
INSERT INTO cidade (nome, uf) VALUES ('Alto Garças', 'MT');
INSERT INTO cidade (nome, uf) VALUES ('Alto Paraguai', 'MT');
INSERT INTO cidade (nome, uf) VALUES ('Alto Taquari', 'MT');
INSERT INTO cidade (nome, uf) VALUES ('Apiacás', 'MT');
INSERT INTO cidade (nome, uf) VALUES ('Araguaiana', 'MT');
INSERT INTO cidade (nome, uf) VALUES ('Araguainha', 'MT');
INSERT INTO cidade (nome, uf) VALUES ('Araputanga', 'MT');
INSERT INTO cidade (nome, uf) VALUES ('Arenápolis', 'MT');
INSERT INTO cidade (nome, uf) VALUES ('Aripuanã', 'MT');
INSERT INTO cidade (nome, uf) VALUES ('Barão de Melgaço', 'MT');
INSERT INTO cidade (nome, uf) VALUES ('Barra do Bugres', 'MT');
INSERT INTO cidade (nome, uf) VALUES ('Barra do Garças', 'MT');
INSERT INTO cidade (nome, uf) VALUES ('Bom Jesus do Araguaia', 'MT');
INSERT INTO cidade (nome, uf) VALUES ('Brasnorte', 'MT');
INSERT INTO cidade (nome, uf) VALUES ('Cáceres', 'MT');
INSERT INTO cidade (nome, uf) VALUES ('Campinápolis', 'MT');
INSERT INTO cidade (nome, uf) VALUES ('Campo Novo do Parecis', 'MT');
INSERT INTO cidade (nome, uf) VALUES ('Campo Verde', 'MT');
INSERT INTO cidade (nome, uf) VALUES ('Campos de Júlio', 'MT');
INSERT INTO cidade (nome, uf) VALUES ('Canabrava do Norte', 'MT');
INSERT INTO cidade (nome, uf) VALUES ('Canarana', 'MT');
INSERT INTO cidade (nome, uf) VALUES ('Carlinda', 'MT');
INSERT INTO cidade (nome, uf) VALUES ('Castanheira', 'MT');
INSERT INTO cidade (nome, uf) VALUES ('Chapada dos Guimarães', 'MT');
INSERT INTO cidade (nome, uf) VALUES ('Cláudia', 'MT');
INSERT INTO cidade (nome, uf) VALUES ('Cocalinho', 'MT');
INSERT INTO cidade (nome, uf) VALUES ('Colíder', 'MT');
INSERT INTO cidade (nome, uf) VALUES ('Colniza', 'MT');
INSERT INTO cidade (nome, uf) VALUES ('Comodoro', 'MT');
INSERT INTO cidade (nome, uf) VALUES ('Confresa', 'MT');
INSERT INTO cidade (nome, uf) VALUES ('Conquista D''Oeste', 'MT');
INSERT INTO cidade (nome, uf) VALUES ('Cotriguaçu', 'MT');
INSERT INTO cidade (nome, uf) VALUES ('Cuiabá', 'MT');
INSERT INTO cidade (nome, uf) VALUES ('Curvelândia', 'MT');
INSERT INTO cidade (nome, uf) VALUES ('Denise', 'MT');
INSERT INTO cidade (nome, uf) VALUES ('Diamantino', 'MT');
INSERT INTO cidade (nome, uf) VALUES ('Abadia de Goiás', 'GO');
INSERT INTO cidade (nome, uf) VALUES ('Abadiânia', 'GO');
INSERT INTO cidade (nome, uf) VALUES ('Acreúna', 'GO');
INSERT INTO cidade (nome, uf) VALUES ('Adelândia', 'GO');
INSERT INTO cidade (nome, uf) VALUES ('Água Fria de Goiás', 'GO');
INSERT INTO cidade (nome, uf) VALUES ('Água Limpa', 'GO');
INSERT INTO cidade (nome, uf) VALUES ('Águas Lindas de Goiás', 'GO');
INSERT INTO cidade (nome, uf) VALUES ('Alexânia', 'GO');
INSERT INTO cidade (nome, uf) VALUES ('Aloândia', 'GO');
INSERT INTO cidade (nome, uf) VALUES ('Alto Horizonte', 'GO');
INSERT INTO cidade (nome, uf) VALUES ('Alto Paraíso de Goiás', 'GO');
INSERT INTO cidade (nome, uf) VALUES ('Alvorada do Norte', 'GO');
INSERT INTO cidade (nome, uf) VALUES ('Amaralina', 'GO');
INSERT INTO cidade (nome, uf) VALUES ('Americano do Brasil', 'GO');
INSERT INTO cidade (nome, uf) VALUES ('Amorinópolis', 'GO');
INSERT INTO cidade (nome, uf) VALUES ('Anápolis', 'GO');
INSERT INTO cidade (nome, uf) VALUES ('Anhanguera', 'GO');
INSERT INTO cidade (nome, uf) VALUES ('Anicuns', 'GO');
INSERT INTO cidade (nome, uf) VALUES ('Aparecida de Goiânia', 'GO');
INSERT INTO cidade (nome, uf) VALUES ('Aparecida do Rio Doce', 'GO');
INSERT INTO cidade (nome, uf) VALUES ('Aporé', 'GO');
INSERT INTO cidade (nome, uf) VALUES ('Araçu', 'GO');
INSERT INTO cidade (nome, uf) VALUES ('Aragarças', 'GO');
INSERT INTO cidade (nome, uf) VALUES ('Aragoiânia', 'GO');
INSERT INTO cidade (nome, uf) VALUES ('Araguapaz', 'GO');
INSERT INTO cidade (nome, uf) VALUES ('Arenópolis', 'GO');
INSERT INTO cidade (nome, uf) VALUES ('Aruanã', 'GO');
INSERT INTO cidade (nome, uf) VALUES ('Aurilândia', 'GO');
INSERT INTO cidade (nome, uf) VALUES ('Avelinópolis', 'GO');
INSERT INTO cidade (nome, uf) VALUES ('Baliza', 'GO');
INSERT INTO cidade (nome, uf) VALUES ('Barro Alto', 'GO');
INSERT INTO cidade (nome, uf) VALUES ('Bela Vista de Goiás', 'GO');
INSERT INTO cidade (nome, uf) VALUES ('Bom Jardim de Goiás', 'GO');
INSERT INTO cidade (nome, uf) VALUES ('Bom Jesus de Goiás', 'GO');
INSERT INTO cidade (nome, uf) VALUES ('Bonfinópolis', 'GO');
INSERT INTO cidade (nome, uf) VALUES ('Bonópolis', 'GO');
INSERT INTO cidade (nome, uf) VALUES ('Brazabrantes', 'GO');
INSERT INTO cidade (nome, uf) VALUES ('Britânia', 'GO');
INSERT INTO cidade (nome, uf) VALUES ('Buriti Alegre', 'GO');
INSERT INTO cidade (nome, uf) VALUES ('Buriti de Goiás', 'GO');
INSERT INTO cidade (nome, uf) VALUES ('Buritinópolis', 'GO');
INSERT INTO cidade (nome, uf) VALUES ('Cabeceiras', 'GO');
INSERT INTO cidade (nome, uf) VALUES ('Cachoeira Alta', 'GO');
INSERT INTO cidade (nome, uf) VALUES ('Cachoeira de Goiás', 'GO');
INSERT INTO cidade (nome, uf) VALUES ('Cachoeira Dourada', 'GO');
INSERT INTO cidade (nome, uf) VALUES ('Caçu', 'GO');
INSERT INTO cidade (nome, uf) VALUES ('Caiapônia', 'GO');
INSERT INTO cidade (nome, uf) VALUES ('Caldas Novas', 'GO');
INSERT INTO cidade (nome, uf) VALUES ('Caldazinha', 'GO');
INSERT INTO cidade (nome, uf) VALUES ('Campestre de Goiás', 'GO');
INSERT INTO cidade (nome, uf) VALUES ('Campinaçu', 'GO');
INSERT INTO cidade (nome, uf) VALUES ('Campinorte', 'GO');
INSERT INTO cidade (nome, uf) VALUES ('Campo Alegre de Goiás', 'GO');
INSERT INTO cidade (nome, uf) VALUES ('Campo Limpo de Goiás', 'GO');
INSERT INTO cidade (nome, uf) VALUES ('Campos Belos', 'GO');
INSERT INTO cidade (nome, uf) VALUES ('Campos Verdes', 'GO');
INSERT INTO cidade (nome, uf) VALUES ('Carmo do Rio Verde', 'GO');
INSERT INTO cidade (nome, uf) VALUES ('Castelândia', 'GO');
INSERT INTO cidade (nome, uf) VALUES ('Catalão', 'GO');
INSERT INTO cidade (nome, uf) VALUES ('Caturaí', 'GO');
INSERT INTO cidade (nome, uf) VALUES ('Cavalcante', 'GO');
INSERT INTO cidade (nome, uf) VALUES ('Ceres', 'GO');
INSERT INTO cidade (nome, uf) VALUES ('Cezarina', 'GO');
INSERT INTO cidade (nome, uf) VALUES ('Chapadão do Céu', 'GO');
INSERT INTO cidade (nome, uf) VALUES ('Cidade Ocidental', 'GO');
INSERT INTO cidade (nome, uf) VALUES ('Cocalzinho de Goiás', 'GO');
INSERT INTO cidade (nome, uf) VALUES ('Colinas do Sul', 'GO');
I
--table cliente

insert into cliente (nome, endereco, bairro, idCidade, dataCadastro, cancelado) values ('Mindy Bramich', 'Kipling-873', 'Lower North Ploalp', 328, '5/11/2019', 'S');
insert into cliente (nome, endereco, bairro, idCidade, dataCadastro) values ('Lu Harragin', 'Packers-169', 'Yuc Hills', 4703, '26/3/2019');
insert into cliente (nome, endereco, bairro, idCidade, dataCadastro) values ('Fanchette Korneichik', 'Corscot-637', 'Midtown Nercard', 490, '17/5/2017');
insert into cliente (nome, endereco, bairro, idCidade, dataCadastro) values ('Price Habbergham', 'Melby-452', 'Upper North Shruxind', 1599, '9/12/2019');
insert into cliente (nome, endereco, bairro, idCidade, dataCadastro) values ('Julianna Kruse', 'Stephen-595', 'Shoonel Acre', 3078, '16/3/2019');
insert into cliente (nome, endereco, bairro, idCidade, dataCadastro, cancelado) values ('Pierce Durrett', 'Stang-56', 'Upper South Splohed', 646, '9/12/2019', 'S');
insert into cliente (nome, endereco, bairro, idCidade, dataCadastro) values ('Mohandas Willard', 'Cordelia-164', 'Upper West Ziffis', 3441, '17/9/2017');
insert into cliente (nome, endereco, bairro, idCidade, dataCadastro) values ('Eada Blockwell', 'Cascade-852', 'Upper North Skoppeed', 5377, '27/7/2020');
insert into cliente (nome, endereco, bairro, idCidade, dataCadastro) values ('Kaela Jandourek', '8th-246', 'Schossirwep Garden', 4786, '22/11/2017');
insert into cliente (nome, endereco, bairro, idCidade, dataCadastro) values ('Debbie MacKill', 'Basil-715', 'Smeggutoc Row', 1809, '28/1/2020');
insert into cliente (nome, endereco, bairro, idCidade, dataCadastro) values ('Wittie Marmion', 'Northland-134', 'Lower Schiamp', 4699, '23/5/2017');
insert into cliente (nome, endereco, bairro, idCidade, dataCadastro) values ('Blakelee Machin', 'Michigan-533', 'Sphark District', 4055, '19/2/2019');
insert into cliente (nome, endereco, bairro, idCidade, dataCadastro) values ('Cori Digle', 'John Wall-533', 'Shrunlask Town', 288, '23/1/2019');
insert into cliente (nome, endereco, bairro, idCidade, dataCadastro, cancelado) values ('Jillayne Rupke', 'Haas-86',  'Farliat Row',2327, '7/2/2019', 'S');
insert into cliente (nome, endereco, bairro, idCidade, dataCadastro) values ('Gerhardine Kull', 'Loomis-317', 'Huffas Cross', 1282, '25/7/2016');
insert into cliente (nome, endereco, bairro, idCidade, dataCadastro) values ('Jobie Casotti', 'Iowa-409', 'West Nefub', 2580, '30/7/2019');
insert into cliente (nome, endereco, bairro, idCidade, dataCadastro) values ('Ivett Elmore', 'Miller-465', 'Spleappeet Town', 3677, '16/3/2017');
insert into cliente (nome, endereco, bairro, idCidade, dataCadastro, cancelado) values ('Haily Hallede', 'Maple-899', 'Upper East Chugent', 5004, '3/1/2019', 'S');
insert into cliente (nome, endereco, bairro, idCidade, dataCadastro) values ('Phoebe Heare', 'Lukken-695', 'Skafanluct Place', 367, '30/5/2018');
insert into cliente (nome, endereco, bairro, idCidade, dataCadastro) values ('Orelia Blitz', 'Sundown-390', 'Hafumost Cross', 3065, '19/12/2018');
insert into cliente (nome, endereco, bairro, idCidade, dataCadastro) values ('Christiano Gretton', 'Homewood-525', 'South Wrem', 5082, '8/4/2019');
insert into cliente (nome, endereco, bairro, idCidade, dataCadastro) values ('Ilene Verny', 'Grim-586', 'Nob Garden', 2509, '21/8/2016');
insert into cliente (nome, endereco, bairro, idCidade, dataCadastro) values ('Bengt Yanshonok', 'Summit-169', 'Smelguld Road', 5006, '16/12/2017');
insert into cliente (nome, endereco, bairro, idCidade, dataCadastro, cancelado) values ('Mellisent Semken', 'Sachtjen-656', 'Lower West Whitlon', 2994, '26/7/2016', 'S');
insert into cliente (nome, endereco, bairro, idCidade, dataCadastro) values ('Mallissa Feldfisher', 'Dapin-598', 'Hast Bazaar', 169, '5/8/2020');
insert into cliente (nome, endereco, bairro, idCidade, dataCadastro) values ('Rick Shields', 'Main-25', 'Loork Center', 2507, '14/7/2016');
insert into cliente (nome, endereco, bairro ,idCidade, dataCadastro) values ('Bird Flawith', 'Crowley-756', 'North Shelond', 3481, '22/7/2017');
insert into cliente (nome, endereco, bairro, idCidade, dataCadastro) values ('Othello Frensch', 'Loftsgordon-690', 'Upper Brooglisk', 764, '7/12/2017');
insert into cliente (nome, endereco, bairro, idCidade, dataCadastro, cancelado) values ('Aeriell Bowker', 'Bellgrove-32', 'Snedud Center', 5396, '14/6/2018', 'S');

--table tarifa

insert into tarifa (descricao, valor) values ('tarifa x', 0.20);
insert into tarifa (descricao, valor) values ('tarifa x', 0.20);
insert into tarifa (descricao, valor) values ('tarifa x', 0.20);
insert into tarifa (descricao, valor) values ('tarifa x', 0.20);
insert into tarifa (descricao, valor) values ('tarifa x', 0.20);
insert into tarifa (descricao, valor) values ('tarifa y', 0.40);
insert into tarifa (descricao, valor) values ('tarifa y', 0.40);
insert into tarifa (descricao, valor) values ('tarifa y', 0.40);
insert into tarifa (descricao, valor) values ('tarifa y', 0.40);
insert into tarifa (descricao, valor) values ('tarifa y', 0.40);

--table plano

insert into plano (descricao, addLigacao, roaming, valor) values('plano x', 0.99, 1.99, 39.99);
insert into plano (descricao, addLigacao, roaming, valor) values('plano x', 0.99, 1.99, 39.99);
insert into plano (descricao, addLigacao, roaming, valor) values('plano x', 0.99, 1.99, 39.99);
insert into plano (descricao, addLigacao, roaming, valor) values('plano x', 0.99, 1.99, 39.99);
insert into plano (descricao, addLigacao, roaming, valor) values('plano x', 0.99, 1.99, 39.99);
insert into plano (descricao, addLigacao, roaming, valor) values('plano y', 1.99, 2.99, 49.99);
insert into plano (descricao, addLigacao, roaming, valor) values('plano y', 1.99, 2.99, 49.99);
insert into plano (descricao, addLigacao, roaming, valor) values('plano y', 1.99, 2.99, 49.99);
insert into plano (descricao, addLigacao, roaming, valor) values('plano y', 1.99, 2.99, 49.99);
insert into plano (descricao, addLigacao, roaming, valor) values('plano y', 1.99, 2.99, 49.99);
insert into plano (descricao, addLigacao, roaming, valor) values('plano x', 0.99, 1.99, 39.99);

--table chip

insert into chip (idNumero, idPlano, disponivel) values ('83985264220', 1, 'N');
insert into chip (idNumero, idPlano, ativo) values ('83985166894', 2, 'N');
insert into chip (idNumero, idPlano, disponivel) values ('81985227078', 3, 'N');
insert into chip (idNumero, idPlano, disponivel) values ('81985133616', 4, 'N');
insert into chip (idNumero, idPlano, disponivel) values ('81985278243', 5, 'N');
insert into chip (idNumero, idPlano, disponivel) values ('86985188070', 6, 'N');
insert into chip (idNumero, idPlano, ativo) values ('86985132407', 7, 'N');
insert into chip (idNumero, idPlano, ativo) values ('86985178495', 8, 'N');
insert into chip (idNumero, idPlano, disponivel) values ('84985287835', 9, 'N');
insert into chip (idNumero, idPlano, ativo) values ('84985166779', 10, 'N');
insert into chip (idNumero, idPlano, ativo) values ('8498510000', 11, 'N');         
